dir,system,species,mtime,n_blocks,atoms_per_block,cells_per_block,g_band_eff,g_band_src,ne,wmax,fgrid,aux_dw,eta,eta_ir_floor,interaction_cutoff,lowmask,cmsub,kk_percent,arms,ballistic,outcome,iterations,last_residual,size_gb,bulk_gb,read_by_code,mentioned_in_docs,verdict,reasons
anderson_test/campaign_report,unknown,,2026-08-27,2,,,1,date,181,,,,1e-12,,,,,,16,,converged,347,0.0079156,0.0166,0.0,phonon/scripts/figures/_extract_grid_aliasing.py;phonon/scripts/figures/build_campaign_page.py;phonon/scripts/figures/cnt33_gq_length.py;phonon/scripts/figures/cnt33_observables_atlas.py;phonon/scripts/figures/gband_campaign_figs.py;phonon/scripts/figures/r4_mixer_campaign.py;phonon/studies/_bench_sse_stages.py;phonon/studies/_campaign_figures.py;phonon/studies/_campaign_observables.py;phonon/studies/_cnt_fc3_compression_review.py;phonon/studies/_cnt_sparse_ring_gpu_bench.py;phonon/studies/_ir_mode_census.py;phonon/studies/_lead_balance_gain.py;phonon/studies/_mos2_dispersion_audit.py;phonon/studies/_pc_bench.sh;phonon/studies/_resonance_gain_study.py;phonon/studies/_run_cnt33_L4_conservation.py;phonon/studies/_run_cnt33_L4_nugrid.py;phonon/studies/_run_cnt33_L8_kk.py;phonon/studies/_run_cnt33_length_gband.py;phonon/studies/_run_cnt33_long_gband3.py;phonon/studies/_units_parity.py;phonon/studies/_verify_sse_opts.py,phonon/docs/cnt_observations.md;phonon/docs/observations_2026-08-15.md;phonon/docs/pole_sector_state_and_next_steps.md;phonon/docs/report_rerun_backlog.md;phonon/docs/run_audit_2026-08.md;phonon/studies/out/anderson_test/cnt33_L10_linear/quatrex_config.toml;phonon/studies/out/anderson_test/cnt33_L4_gband2_rre/quatrex_config.toml;phonon/studies/out/anderson_test/cnt33_L4_gband2_rre_b02/quatrex_config.toml;phonon/studies/out/anderson_test/cnt33_L4_linear/quatrex_config.toml;phonon/studies/out/anderson_test/cnt33_L5_linear/quatrex_config.toml;phonon/studies/out/anderson_test/cnt33_L6_linear/quatrex_config.toml;phonon/studies/out/anderson_test/cnt33_L7_linear/quatrex_config.toml;phonon/studies/out/anderson_test/cnt33_L8_linear/quatrex_config.toml;phonon/studies/out/anderson_test/jprobe_snaps/MANIFEST.md;phonon/studies/out/anderson_test/local_L2/quatrex_config.toml,keep-referenced,gband=1;cells_per_block=unknown;no-cm-subtraction
anderson_test/census,unknown,,2026-07-14,,,,,unknown,,,,,,,,,,,,,no-log,,,0.0005,0.0,phonon/scripts/figures/_extract_grid_aliasing.py;phonon/scripts/figures/build_campaign_page.py;phonon/scripts/figures/cnt33_gq_length.py;phonon/scripts/figures/cnt33_observables_atlas.py;phonon/scripts/figures/gband_campaign_figs.py;phonon/scripts/figures/r4_mixer_campaign.py;phonon/studies/_bench_sse_stages.py;phonon/studies/_campaign_figures.py;phonon/studies/_campaign_observables.py;phonon/studies/_cnt_fc3_compression_review.py;phonon/studies/_cnt_sparse_ring_gpu_bench.py;phonon/studies/_ir_mode_census.py;phonon/studies/_lead_balance_gain.py;phonon/studies/_mos2_dispersion_audit.py;phonon/studies/_pc_bench.sh;phonon/studies/_resonance_gain_study.py;phonon/studies/_run_cnt33_L4_conservation.py;phonon/studies/_run_cnt33_L4_nugrid.py;phonon/studies/_run_cnt33_L8_kk.py;phonon/studies/_run_cnt33_length_gband.py;phonon/studies/_run_cnt33_long_gband3.py;phonon/studies/_units_parity.py;phonon/studies/_verify_sse_opts.py,phonon/docs/cnt_observations.md;phonon/docs/observations_2026-08-15.md;phonon/docs/pole_sector_state_and_next_steps.md;phonon/docs/report_rerun_backlog.md;phonon/docs/run_audit_2026-08.md;phonon/studies/out/anderson_test/cnt33_L10_linear/quatrex_config.toml;phonon/studies/out/anderson_test/cnt33_L4_gband2_rre/quatrex_config.toml;phonon/studies/out/anderson_test/cnt33_L4_gband2_rre_b02/quatrex_config.toml;phonon/studies/out/anderson_test/cnt33_L4_linear/quatrex_config.toml;phonon/studies/out/anderson_test/cnt33_L5_linear/quatrex_config.toml;phonon/studies/out/anderson_test/cnt33_L6_linear/quatrex_config.toml;phonon/studies/out/anderson_test/cnt33_L7_linear/quatrex_config.toml;phonon/studies/out/anderson_test/cnt33_L8_linear/quatrex_config.toml;phonon/studies/out/anderson_test/jprobe_snaps/MANIFEST.md;phonon/studies/out/anderson_test/local_L2/quatrex_config.toml,keep-referenced,no-solver-log
anderson_test/cnt33_L10_g2ramp,unknown,,2026-07-15,,,,2,name,,,,,,,,,,,,,no-log,,,0.0011,0.0,phonon/scripts/figures/_extract_grid_aliasing.py;phonon/scripts/figures/build_campaign_page.py;phonon/scripts/figures/cnt33_gq_length.py;phonon/scripts/figures/cnt33_observables_atlas.py;phonon/scripts/figures/gband_campaign_figs.py;phonon/scripts/figures/r4_mixer_campaign.py;phonon/studies/_bench_sse_stages.py;phonon/studies/_campaign_figures.py;phonon/studies/_campaign_observables.py;phonon/studies/_cnt_fc3_compression_review.py;phonon/studies/_cnt_sparse_ring_gpu_bench.py;phonon/studies/_ir_mode_census.py;phonon/studies/_lead_balance_gain.py;phonon/studies/_mos2_dispersion_audit.py;phonon/studies/_pc_bench.sh;phonon/studies/_resonance_gain_study.py;phonon/studies/_run_cnt33_L4_conservation.py;phonon/studies/_run_cnt33_L4_nugrid.py;phonon/studies/_run_cnt33_L8_kk.py;phonon/studies/_run_cnt33_length_gband.py;phonon/studies/_run_cnt33_long_gband3.py;phonon/studies/_units_parity.py;phonon/studies/_verify_sse_opts.py,phonon/docs/cnt_observations.md;phonon/docs/observations_2026-08-15.md;phonon/docs/pole_sector_state_and_next_steps.md;phonon/docs/report_rerun_backlog.md;phonon/docs/run_audit_2026-08.md;phonon/studies/out/anderson_test/cnt33_L10_linear/quatrex_config.toml;phonon/studies/out/anderson_test/cnt33_L4_gband2_rre/quatrex_config.toml;phonon/studies/out/anderson_test/cnt33_L4_gband2_rre_b02/quatrex_config.toml;phonon/studies/out/anderson_test/cnt33_L4_linear/quatrex_config.toml;phonon/studies/out/anderson_test/cnt33_L5_linear/quatrex_config.toml;phonon/studies/out/anderson_test/cnt33_L6_linear/quatrex_config.toml;phonon/studies/out/anderson_test/cnt33_L7_linear/quatrex_config.toml;phonon/studies/out/anderson_test/cnt33_L8_linear/quatrex_config.toml;phonon/studies/out/anderson_test/jprobe_snaps/MANIFEST.md;phonon/studies/out/anderson_test/local_L2/quatrex_config.toml,keep-referenced,no-solver-log
anderson_test/cnt33_L10_g2scp,unknown,,2026-07-15,,,,2,name,,,,,,,,,,,,,no-log,,,0.0012,0.0,phonon/scripts/figures/_extract_grid_aliasing.py;phonon/scripts/figures/build_campaign_page.py;phonon/scripts/figures/cnt33_gq_length.py;phonon/scripts/figures/cnt33_observables_atlas.py;phonon/scripts/figures/gband_campaign_figs.py;phonon/scripts/figures/r4_mixer_campaign.py;phonon/studies/_bench_sse_stages.py;phonon/studies/_campaign_figures.py;phonon/studies/_campaign_observables.py;phonon/studies/_cnt_fc3_compression_review.py;phonon/studies/_cnt_sparse_ring_gpu_bench.py;phonon/studies/_ir_mode_census.py;phonon/studies/_lead_balance_gain.py;phonon/studies/_mos2_dispersion_audit.py;phonon/studies/_pc_bench.sh;phonon/studies/_resonance_gain_study.py;phonon/studies/_run_cnt33_L4_conservation.py;phonon/studies/_run_cnt33_L4_nugrid.py;phonon/studies/_run_cnt33_L8_kk.py;phonon/studies/_run_cnt33_length_gband.py;phonon/studies/_run_cnt33_long_gband3.py;phonon/studies/_units_parity.py;phonon/studies/_verify_sse_opts.py,phonon/docs/cnt_observations.md;phonon/docs/observations_2026-08-15.md;phonon/docs/pole_sector_state_and_next_steps.md;phonon/docs/report_rerun_backlog.md;phonon/docs/run_audit_2026-08.md;phonon/studies/out/anderson_test/cnt33_L10_linear/quatrex_config.toml;phonon/studies/out/anderson_test/cnt33_L4_gband2_rre/quatrex_config.toml;phonon/studies/out/anderson_test/cnt33_L4_gband2_rre_b02/quatrex_config.toml;phonon/studies/out/anderson_test/cnt33_L4_linear/quatrex_config.toml;phonon/studies/out/anderson_test/cnt33_L5_linear/quatrex_config.toml;phonon/studies/out/anderson_test/cnt33_L6_linear/quatrex_config.toml;phonon/studies/out/anderson_test/cnt33_L7_linear/quatrex_config.toml;phonon/studies/out/anderson_test/cnt33_L8_linear/quatrex_config.toml;phonon/studies/out/anderson_test/jprobe_snaps/MANIFEST.md;phonon/studies/out/anderson_test/local_L2/quatrex_config.toml,keep-referenced,no-solver-log
anderson_test/cnt33_L10_linear,cnt33,C,2026-07-15,10,12,1,,unknown,181,55.0,,,1e-12,,10.0,,,,,,no-log,,,0.0054,0.0,phonon/scripts/figures/_extract_grid_aliasing.py;phonon/scripts/figures/build_campaign_page.py;phonon/scripts/figures/cnt33_gq_length.py;phonon/scripts/figures/cnt33_observables_atlas.py;phonon/scripts/figures/gband_campaign_figs.py;phonon/scripts/figures/r4_mixer_campaign.py;phonon/studies/_bench_sse_stages.py;phonon/studies/_campaign_figures.py;phonon/studies/_campaign_observables.py;phonon/studies/_cnt_fc3_compression_review.py;phonon/studies/_cnt_sparse_ring_gpu_bench.py;phonon/studies/_ir_mode_census.py;phonon/studies/_lead_balance_gain.py;phonon/studies/_mos2_dispersion_audit.py;phonon/studies/_pc_bench.sh;phonon/studies/_resonance_gain_study.py;phonon/studies/_run_cnt33_L4_conservation.py;phonon/studies/_run_cnt33_L4_nugrid.py;phonon/studies/_run_cnt33_L8_kk.py;phonon/studies/_run_cnt33_length_gband.py;phonon/studies/_run_cnt33_long_gband3.py;phonon/studies/_units_parity.py;phonon/studies/_verify_sse_opts.py,phonon/docs/cnt_observations.md;phonon/docs/observations_2026-08-15.md;phonon/docs/pole_sector_state_and_next_steps.md;phonon/docs/report_rerun_backlog.md;phonon/docs/run_audit_2026-08.md;phonon/studies/out/anderson_test/cnt33_L10_linear/quatrex_config.toml;phonon/studies/out/anderson_test/cnt33_L4_gband2_rre/quatrex_config.toml;phonon/studies/out/anderson_test/cnt33_L4_gband2_rre_b02/quatrex_config.toml;phonon/studies/out/anderson_test/cnt33_L4_linear/quatrex_config.toml;phonon/studies/out/anderson_test/cnt33_L5_linear/quatrex_config.toml;phonon/studies/out/anderson_test/cnt33_L6_linear/quatrex_config.toml;phonon/studies/out/anderson_test/cnt33_L7_linear/quatrex_config.toml;phonon/studies/out/anderson_test/cnt33_L8_linear/quatrex_config.toml;phonon/studies/out/anderson_test/jprobe_snaps/MANIFEST.md;phonon/studies/out/anderson_test/local_L2/quatrex_config.toml,keep-referenced,no-solver-log
anderson_test/cnt33_L10_lowfreq,unknown,,2026-07-12,,,,,unknown,,,,,,,,,,,,,no-log,,,0.001,0.0,phonon/scripts/figures/_extract_grid_aliasing.py;phonon/scripts/figures/build_campaign_page.py;phonon/scripts/figures/cnt33_gq_length.py;phonon/scripts/figures/cnt33_observables_atlas.py;phonon/scripts/figures/gband_campaign_figs.py;phonon/scripts/figures/r4_mixer_campaign.py;phonon/studies/_bench_sse_stages.py;phonon/studies/_campaign_figures.py;phonon/studies/_campaign_observables.py;phonon/studies/_cnt_fc3_compression_review.py;phonon/studies/_cnt_sparse_ring_gpu_bench.py;phonon/studies/_ir_mode_census.py;phonon/studies/_lead_balance_gain.py;phonon/studies/_mos2_dispersion_audit.py;phonon/studies/_pc_bench.sh;phonon/studies/_resonance_gain_study.py;phonon/studies/_run_cnt33_L4_conservation.py;phonon/studies/_run_cnt33_L4_nugrid.py;phonon/studies/_run_cnt33_L8_kk.py;phonon/studies/_run_cnt33_length_gband.py;phonon/studies/_run_cnt33_long_gband3.py;phonon/studies/_units_parity.py;phonon/studies/_verify_sse_opts.py,phonon/docs/cnt_observations.md;phonon/docs/observations_2026-08-15.md;phonon/docs/pole_sector_state_and_next_steps.md;phonon/docs/report_rerun_backlog.md;phonon/docs/run_audit_2026-08.md;phonon/studies/out/anderson_test/cnt33_L10_linear/quatrex_config.toml;phonon/studies/out/anderson_test/cnt33_L4_gband2_rre/quatrex_config.toml;phonon/studies/out/anderson_test/cnt33_L4_gband2_rre_b02/quatrex_config.toml;phonon/studies/out/anderson_test/cnt33_L4_linear/quatrex_config.toml;phonon/studies/out/anderson_test/cnt33_L5_linear/quatrex_config.toml;phonon/studies/out/anderson_test/cnt33_L6_linear/quatrex_config.toml;phonon/studies/out/anderson_test/cnt33_L7_linear/quatrex_config.toml;phonon/studies/out/anderson_test/cnt33_L8_linear/quatrex_config.toml;phonon/studies/out/anderson_test/jprobe_snaps/MANIFEST.md;phonon/studies/out/anderson_test/local_L2/quatrex_config.toml,keep-referenced,no-solver-log
anderson_test/cnt33_L3_linear,unknown,,2026-07-17,,,,,unknown,,,,,,,,,,,,,no-log,,,0.0031,0.0,phonon/scripts/figures/_extract_grid_aliasing.py;phonon/scripts/figures/build_campaign_page.py;phonon/scripts/figures/cnt33_gq_length.py;phonon/scripts/figures/cnt33_observables_atlas.py;phonon/scripts/figures/gband_campaign_figs.py;phonon/scripts/figures/r4_mixer_campaign.py;phonon/studies/_bench_sse_stages.py;phonon/studies/_campaign_figures.py;phonon/studies/_campaign_observables.py;phonon/studies/_cnt_fc3_compression_review.py;phonon/studies/_cnt_sparse_ring_gpu_bench.py;phonon/studies/_ir_mode_census.py;phonon/studies/_lead_balance_gain.py;phonon/studies/_mos2_dispersion_audit.py;phonon/studies/_pc_bench.sh;phonon/studies/_resonance_gain_study.py;phonon/studies/_run_cnt33_L4_conservation.py;phonon/studies/_run_cnt33_L4_nugrid.py;phonon/studies/_run_cnt33_L8_kk.py;phonon/studies/_run_cnt33_length_gband.py;phonon/studies/_run_cnt33_long_gband3.py;phonon/studies/_units_parity.py;phonon/studies/_verify_sse_opts.py,phonon/docs/cnt_observations.md;phonon/docs/observations_2026-08-15.md;phonon/docs/pole_sector_state_and_next_steps.md;phonon/docs/report_rerun_backlog.md;phonon/docs/run_audit_2026-08.md;phonon/studies/out/anderson_test/cnt33_L10_linear/quatrex_config.toml;phonon/studies/out/anderson_test/cnt33_L4_gband2_rre/quatrex_config.toml;phonon/studies/out/anderson_test/cnt33_L4_gband2_rre_b02/quatrex_config.toml;phonon/studies/out/anderson_test/cnt33_L4_linear/quatrex_config.toml;phonon/studies/out/anderson_test/cnt33_L5_linear/quatrex_config.toml;phonon/studies/out/anderson_test/cnt33_L6_linear/quatrex_config.toml;phonon/studies/out/anderson_test/cnt33_L7_linear/quatrex_config.toml;phonon/studies/out/anderson_test/cnt33_L8_linear/quatrex_config.toml;phonon/studies/out/anderson_test/jprobe_snaps/MANIFEST.md;phonon/studies/out/anderson_test/local_L2/quatrex_config.toml,keep-referenced,no-solver-log
anderson_test/cnt33_L4_gband2_rre,cnt33,C,2026-07-14,4,12,1,2,name,181,55.0,,,1e-12,,10.0,,,,,,no-solver-log,,,0.0017,0.0,phonon/scripts/figures/_extract_grid_aliasing.py;phonon/scripts/figures/build_campaign_page.py;phonon/scripts/figures/cnt33_gq_length.py;phonon/scripts/figures/cnt33_observables_atlas.py;phonon/scripts/figures/gband_campaign_figs.py;phonon/scripts/figures/r4_mixer_campaign.py;phonon/studies/_bench_sse_stages.py;phonon/studies/_campaign_figures.py;phonon/studies/_campaign_observables.py;phonon/studies/_cnt_fc3_compression_review.py;phonon/studies/_cnt_sparse_ring_gpu_bench.py;phonon/studies/_ir_mode_census.py;phonon/studies/_lead_balance_gain.py;phonon/studies/_mos2_dispersion_audit.py;phonon/studies/_pc_bench.sh;phonon/studies/_resonance_gain_study.py;phonon/studies/_run_cnt33_L4_conservation.py;phonon/studies/_run_cnt33_L4_nugrid.py;phonon/studies/_run_cnt33_L8_kk.py;phonon/studies/_run_cnt33_length_gband.py;phonon/studies/_run_cnt33_long_gband3.py;phonon/studies/_units_parity.py;phonon/studies/_verify_sse_opts.py,phonon/docs/cnt_observations.md;phonon/docs/observations_2026-08-15.md;phonon/docs/pole_sector_state_and_next_steps.md;phonon/docs/report_rerun_backlog.md;phonon/docs/run_audit_2026-08.md;phonon/studies/out/anderson_test/cnt33_L10_linear/quatrex_config.toml;phonon/studies/out/anderson_test/cnt33_L4_gband2_rre/quatrex_config.toml;phonon/studies/out/anderson_test/cnt33_L4_gband2_rre_b02/quatrex_config.toml;phonon/studies/out/anderson_test/cnt33_L4_linear/quatrex_config.toml;phonon/studies/out/anderson_test/cnt33_L5_linear/quatrex_config.toml;phonon/studies/out/anderson_test/cnt33_L6_linear/quatrex_config.toml;phonon/studies/out/anderson_test/cnt33_L7_linear/quatrex_config.toml;phonon/studies/out/anderson_test/cnt33_L8_linear/quatrex_config.toml;phonon/studies/out/anderson_test/jprobe_snaps/MANIFEST.md;phonon/studies/out/anderson_test/local_L2/quatrex_config.toml,keep-referenced,no-solver-log
anderson_test/cnt33_L4_gband2_rre_b02,cnt33,C,2026-07-15,4,12,1,2,name,181,55.0,,,1e-12,,10.0,,,,,,no-solver-log,,,0.0017,0.0,phonon/scripts/figures/_extract_grid_aliasing.py;phonon/scripts/figures/build_campaign_page.py;phonon/scripts/figures/cnt33_gq_length.py;phonon/scripts/figures/cnt33_observables_atlas.py;phonon/scripts/figures/gband_campaign_figs.py;phonon/scripts/figures/r4_mixer_campaign.py;phonon/studies/_bench_sse_stages.py;phonon/studies/_campaign_figures.py;phonon/studies/_campaign_observables.py;phonon/studies/_cnt_fc3_compression_review.py;phonon/studies/_cnt_sparse_ring_gpu_bench.py;phonon/studies/_ir_mode_census.py;phonon/studies/_lead_balance_gain.py;phonon/studies/_mos2_dispersion_audit.py;phonon/studies/_pc_bench.sh;phonon/studies/_resonance_gain_study.py;phonon/studies/_run_cnt33_L4_conservation.py;phonon/studies/_run_cnt33_L4_nugrid.py;phonon/studies/_run_cnt33_L8_kk.py;phonon/studies/_run_cnt33_length_gband.py;phonon/studies/_run_cnt33_long_gband3.py;phonon/studies/_units_parity.py;phonon/studies/_verify_sse_opts.py,phonon/docs/cnt_observations.md;phonon/docs/observations_2026-08-15.md;phonon/docs/pole_sector_state_and_next_steps.md;phonon/docs/report_rerun_backlog.md;phonon/docs/run_audit_2026-08.md;phonon/studies/out/anderson_test/cnt33_L10_linear/quatrex_config.toml;phonon/studies/out/anderson_test/cnt33_L4_gband2_rre/quatrex_config.toml;phonon/studies/out/anderson_test/cnt33_L4_gband2_rre_b02/quatrex_config.toml;phonon/studies/out/anderson_test/cnt33_L4_linear/quatrex_config.toml;phonon/studies/out/anderson_test/cnt33_L5_linear/quatrex_config.toml;phonon/studies/out/anderson_test/cnt33_L6_linear/quatrex_config.toml;phonon/studies/out/anderson_test/cnt33_L7_linear/quatrex_config.toml;phonon/studies/out/anderson_test/cnt33_L8_linear/quatrex_config.toml;phonon/studies/out/anderson_test/jprobe_snaps/MANIFEST.md;phonon/studies/out/anderson_test/local_L2/quatrex_config.toml,keep-referenced,no-solver-log
anderson_test/cnt33_L4_inputs,unknown,,2026-07-29,,12,1,,unknown,,,,,,,,,,,,,no-log,,,0.0154,0.0,phonon/scripts/figures/_extract_grid_aliasing.py;phonon/scripts/figures/build_campaign_page.py;phonon/scripts/figures/cnt33_gq_length.py;phonon/scripts/figures/cnt33_observables_atlas.py;phonon/scripts/figures/gband_campaign_figs.py;phonon/scripts/figures/r4_mixer_campaign.py;phonon/studies/_bench_sse_stages.py;phonon/studies/_campaign_figures.py;phonon/studies/_campaign_observables.py;phonon/studies/_cnt_fc3_compression_review.py;phonon/studies/_cnt_sparse_ring_gpu_bench.py;phonon/studies/_ir_mode_census.py;phonon/studies/_lead_balance_gain.py;phonon/studies/_mos2_dispersion_audit.py;phonon/studies/_pc_bench.sh;phonon/studies/_resonance_gain_study.py;phonon/studies/_run_cnt33_L4_conservation.py;phonon/studies/_run_cnt33_L4_nugrid.py;phonon/studies/_run_cnt33_L8_kk.py;phonon/studies/_run_cnt33_length_gband.py;phonon/studies/_run_cnt33_long_gband3.py;phonon/studies/_units_parity.py;phonon/studies/_verify_sse_opts.py,phonon/docs/cnt_observations.md;phonon/docs/observations_2026-08-15.md;phonon/docs/pole_sector_state_and_next_steps.md;phonon/docs/report_rerun_backlog.md;phonon/docs/run_audit_2026-08.md;phonon/studies/out/anderson_test/cnt33_L10_linear/quatrex_config.toml;phonon/studies/out/anderson_test/cnt33_L4_gband2_rre/quatrex_config.toml;phonon/studies/out/anderson_test/cnt33_L4_gband2_rre_b02/quatrex_config.toml;phonon/studies/out/anderson_test/cnt33_L4_linear/quatrex_config.toml;phonon/studies/out/anderson_test/cnt33_L5_linear/quatrex_config.toml;phonon/studies/out/anderson_test/cnt33_L6_linear/quatrex_config.toml;phonon/studies/out/anderson_test/cnt33_L7_linear/quatrex_config.toml;phonon/studies/out/anderson_test/cnt33_L8_linear/quatrex_config.toml;phonon/studies/out/anderson_test/jprobe_snaps/MANIFEST.md;phonon/studies/out/anderson_test/local_L2/quatrex_config.toml,keep-referenced,no-solver-log
anderson_test/cnt33_L4_linear,cnt33,C,2026-07-17,4,12,1,,unknown,181,55.0,,,1e-12,,10.0,,,,,,no-log,,,0.1761,0.0,phonon/scripts/figures/_extract_grid_aliasing.py;phonon/scripts/figures/build_campaign_page.py;phonon/scripts/figures/cnt33_gq_length.py;phonon/scripts/figures/cnt33_observables_atlas.py;phonon/scripts/figures/gband_campaign_figs.py;phonon/scripts/figures/r4_mixer_campaign.py;phonon/studies/_bench_sse_stages.py;phonon/studies/_campaign_figures.py;phonon/studies/_campaign_observables.py;phonon/studies/_cnt_fc3_compression_review.py;phonon/studies/_cnt_sparse_ring_gpu_bench.py;phonon/studies/_ir_mode_census.py;phonon/studies/_lead_balance_gain.py;phonon/studies/_mos2_dispersion_audit.py;phonon/studies/_pc_bench.sh;phonon/studies/_resonance_gain_study.py;phonon/studies/_run_cnt33_L4_conservation.py;phonon/studies/_run_cnt33_L4_nugrid.py;phonon/studies/_run_cnt33_L8_kk.py;phonon/studies/_run_cnt33_length_gband.py;phonon/studies/_run_cnt33_long_gband3.py;phonon/studies/_units_parity.py;phonon/studies/_verify_sse_opts.py,phonon/docs/cnt_observations.md;phonon/docs/observations_2026-08-15.md;phonon/docs/pole_sector_state_and_next_steps.md;phonon/docs/report_rerun_backlog.md;phonon/docs/run_audit_2026-08.md;phonon/studies/out/anderson_test/cnt33_L10_linear/quatrex_config.toml;phonon/studies/out/anderson_test/cnt33_L4_gband2_rre/quatrex_config.toml;phonon/studies/out/anderson_test/cnt33_L4_gband2_rre_b02/quatrex_config.toml;phonon/studies/out/anderson_test/cnt33_L4_linear/quatrex_config.toml;phonon/studies/out/anderson_test/cnt33_L5_linear/quatrex_config.toml;phonon/studies/out/anderson_test/cnt33_L6_linear/quatrex_config.toml;phonon/studies/out/anderson_test/cnt33_L7_linear/quatrex_config.toml;phonon/studies/out/anderson_test/cnt33_L8_linear/quatrex_config.toml;phonon/studies/out/anderson_test/jprobe_snaps/MANIFEST.md;phonon/studies/out/anderson_test/local_L2/quatrex_config.toml,keep-referenced,no-solver-log
anderson_test/cnt33_L5_linear,cnt33,C,2026-07-15,5,12,1,1,date,181,55.0,,,1e-12,,10.0,,,,,,no-solver-log,,,0.0014,0.0,phonon/scripts/figures/_extract_grid_aliasing.py;phonon/scripts/figures/build_campaign_page.py;phonon/scripts/figures/cnt33_gq_length.py;phonon/scripts/figures/cnt33_observables_atlas.py;phonon/scripts/figures/gband_campaign_figs.py;phonon/scripts/figures/r4_mixer_campaign.py;phonon/studies/_bench_sse_stages.py;phonon/studies/_campaign_figures.py;phonon/studies/_campaign_observables.py;phonon/studies/_cnt_fc3_compression_review.py;phonon/studies/_cnt_sparse_ring_gpu_bench.py;phonon/studies/_ir_mode_census.py;phonon/studies/_lead_balance_gain.py;phonon/studies/_mos2_dispersion_audit.py;phonon/studies/_pc_bench.sh;phonon/studies/_resonance_gain_study.py;phonon/studies/_run_cnt33_L4_conservation.py;phonon/studies/_run_cnt33_L4_nugrid.py;phonon/studies/_run_cnt33_L8_kk.py;phonon/studies/_run_cnt33_length_gband.py;phonon/studies/_run_cnt33_long_gband3.py;phonon/studies/_units_parity.py;phonon/studies/_verify_sse_opts.py,phonon/docs/cnt_observations.md;phonon/docs/observations_2026-08-15.md;phonon/docs/pole_sector_state_and_next_steps.md;phonon/docs/report_rerun_backlog.md;phonon/docs/run_audit_2026-08.md;phonon/studies/out/anderson_test/cnt33_L10_linear/quatrex_config.toml;phonon/studies/out/anderson_test/cnt33_L4_gband2_rre/quatrex_config.toml;phonon/studies/out/anderson_test/cnt33_L4_gband2_rre_b02/quatrex_config.toml;phonon/studies/out/anderson_test/cnt33_L4_linear/quatrex_config.toml;phonon/studies/out/anderson_test/cnt33_L5_linear/quatrex_config.toml;phonon/studies/out/anderson_test/cnt33_L6_linear/quatrex_config.toml;phonon/studies/out/anderson_test/cnt33_L7_linear/quatrex_config.toml;phonon/studies/out/anderson_test/cnt33_L8_linear/quatrex_config.toml;phonon/studies/out/anderson_test/jprobe_snaps/MANIFEST.md;phonon/studies/out/anderson_test/local_L2/quatrex_config.toml,keep-referenced,no-solver-log
anderson_test/cnt33_L6_linear,cnt33,C,2026-07-15,6,12,1,1,date,181,55.0,,,1e-12,,10.0,,,,,,no-solver-log,,,0.0013,0.0,phonon/scripts/figures/_extract_grid_aliasing.py;phonon/scripts/figures/build_campaign_page.py;phonon/scripts/figures/cnt33_gq_length.py;phonon/scripts/figures/cnt33_observables_atlas.py;phonon/scripts/figures/gband_campaign_figs.py;phonon/scripts/figures/r4_mixer_campaign.py;phonon/studies/_bench_sse_stages.py;phonon/studies/_campaign_figures.py;phonon/studies/_campaign_observables.py;phonon/studies/_cnt_fc3_compression_review.py;phonon/studies/_cnt_sparse_ring_gpu_bench.py;phonon/studies/_ir_mode_census.py;phonon/studies/_lead_balance_gain.py;phonon/studies/_mos2_dispersion_audit.py;phonon/studies/_pc_bench.sh;phonon/studies/_resonance_gain_study.py;phonon/studies/_run_cnt33_L4_conservation.py;phonon/studies/_run_cnt33_L4_nugrid.py;phonon/studies/_run_cnt33_L8_kk.py;phonon/studies/_run_cnt33_length_gband.py;phonon/studies/_run_cnt33_long_gband3.py;phonon/studies/_units_parity.py;phonon/studies/_verify_sse_opts.py,phonon/docs/cnt_observations.md;phonon/docs/observations_2026-08-15.md;phonon/docs/pole_sector_state_and_next_steps.md;phonon/docs/report_rerun_backlog.md;phonon/docs/run_audit_2026-08.md;phonon/studies/out/anderson_test/cnt33_L10_linear/quatrex_config.toml;phonon/studies/out/anderson_test/cnt33_L4_gband2_rre/quatrex_config.toml;phonon/studies/out/anderson_test/cnt33_L4_gband2_rre_b02/quatrex_config.toml;phonon/studies/out/anderson_test/cnt33_L4_linear/quatrex_config.toml;phonon/studies/out/anderson_test/cnt33_L5_linear/quatrex_config.toml;phonon/studies/out/anderson_test/cnt33_L6_linear/quatrex_config.toml;phonon/studies/out/anderson_test/cnt33_L7_linear/quatrex_config.toml;phonon/studies/out/anderson_test/cnt33_L8_linear/quatrex_config.toml;phonon/studies/out/anderson_test/jprobe_snaps/MANIFEST.md;phonon/studies/out/anderson_test/local_L2/quatrex_config.toml,keep-referenced,no-solver-log
anderson_test/cnt33_L7_linear,cnt33,C,2026-07-15,7,12,1,1,date,181,55.0,,,1e-12,,10.0,,,,,,no-solver-log,,,0.0016,0.0,phonon/scripts/figures/_extract_grid_aliasing.py;phonon/scripts/figures/build_campaign_page.py;phonon/scripts/figures/cnt33_gq_length.py;phonon/scripts/figures/cnt33_observables_atlas.py;phonon/scripts/figures/gband_campaign_figs.py;phonon/scripts/figures/r4_mixer_campaign.py;phonon/studies/_bench_sse_stages.py;phonon/studies/_campaign_figures.py;phonon/studies/_campaign_observables.py;phonon/studies/_cnt_fc3_compression_review.py;phonon/studies/_cnt_sparse_ring_gpu_bench.py;phonon/studies/_ir_mode_census.py;phonon/studies/_lead_balance_gain.py;phonon/studies/_mos2_dispersion_audit.py;phonon/studies/_pc_bench.sh;phonon/studies/_resonance_gain_study.py;phonon/studies/_run_cnt33_L4_conservation.py;phonon/studies/_run_cnt33_L4_nugrid.py;phonon/studies/_run_cnt33_L8_kk.py;phonon/studies/_run_cnt33_length_gband.py;phonon/studies/_run_cnt33_long_gband3.py;phonon/studies/_units_parity.py;phonon/studies/_verify_sse_opts.py,phonon/docs/cnt_observations.md;phonon/docs/observations_2026-08-15.md;phonon/docs/pole_sector_state_and_next_steps.md;phonon/docs/report_rerun_backlog.md;phonon/docs/run_audit_2026-08.md;phonon/studies/out/anderson_test/cnt33_L10_linear/quatrex_config.toml;phonon/studies/out/anderson_test/cnt33_L4_gband2_rre/quatrex_config.toml;phonon/studies/out/anderson_test/cnt33_L4_gband2_rre_b02/quatrex_config.toml;phonon/studies/out/anderson_test/cnt33_L4_linear/quatrex_config.toml;phonon/studies/out/anderson_test/cnt33_L5_linear/quatrex_config.toml;phonon/studies/out/anderson_test/cnt33_L6_linear/quatrex_config.toml;phonon/studies/out/anderson_test/cnt33_L7_linear/quatrex_config.toml;phonon/studies/out/anderson_test/cnt33_L8_linear/quatrex_config.toml;phonon/studies/out/anderson_test/jprobe_snaps/MANIFEST.md;phonon/studies/out/anderson_test/local_L2/quatrex_config.toml,keep-referenced,no-solver-log
anderson_test/cnt33_L8_linear,cnt33,C,2026-07-15,8,12,1,1,date,181,55.0,,,1e-12,,10.0,,,,,,no-solver-log,,,0.001,0.0,phonon/scripts/figures/_extract_grid_aliasing.py;phonon/scripts/figures/build_campaign_page.py;phonon/scripts/figures/cnt33_gq_length.py;phonon/scripts/figures/cnt33_observables_atlas.py;phonon/scripts/figures/gband_campaign_figs.py;phonon/scripts/figures/r4_mixer_campaign.py;phonon/studies/_bench_sse_stages.py;phonon/studies/_campaign_figures.py;phonon/studies/_campaign_observables.py;phonon/studies/_cnt_fc3_compression_review.py;phonon/studies/_cnt_sparse_ring_gpu_bench.py;phonon/studies/_ir_mode_census.py;phonon/studies/_lead_balance_gain.py;phonon/studies/_mos2_dispersion_audit.py;phonon/studies/_pc_bench.sh;phonon/studies/_resonance_gain_study.py;phonon/studies/_run_cnt33_L4_conservation.py;phonon/studies/_run_cnt33_L4_nugrid.py;phonon/studies/_run_cnt33_L8_kk.py;phonon/studies/_run_cnt33_length_gband.py;phonon/studies/_run_cnt33_long_gband3.py;phonon/studies/_units_parity.py;phonon/studies/_verify_sse_opts.py,phonon/docs/cnt_observations.md;phonon/docs/observations_2026-08-15.md;phonon/docs/pole_sector_state_and_next_steps.md;phonon/docs/report_rerun_backlog.md;phonon/docs/run_audit_2026-08.md;phonon/studies/out/anderson_test/cnt33_L10_linear/quatrex_config.toml;phonon/studies/out/anderson_test/cnt33_L4_gband2_rre/quatrex_config.toml;phonon/studies/out/anderson_test/cnt33_L4_gband2_rre_b02/quatrex_config.toml;phonon/studies/out/anderson_test/cnt33_L4_linear/quatrex_config.toml;phonon/studies/out/anderson_test/cnt33_L5_linear/quatrex_config.toml;phonon/studies/out/anderson_test/cnt33_L6_linear/quatrex_config.toml;phonon/studies/out/anderson_test/cnt33_L7_linear/quatrex_config.toml;phonon/studies/out/anderson_test/cnt33_L8_linear/quatrex_config.toml;phonon/studies/out/anderson_test/jprobe_snaps/MANIFEST.md;phonon/studies/out/anderson_test/local_L2/quatrex_config.toml,keep-referenced,no-solver-log
anderson_test/cnt33_anderson,unknown,,2026-07-11,,,,,unknown,,,,,,,,,,,,,no-log,,,0.0006,0.0,phonon/scripts/figures/_extract_grid_aliasing.py;phonon/scripts/figures/build_campaign_page.py;phonon/scripts/figures/cnt33_gq_length.py;phonon/scripts/figures/cnt33_observables_atlas.py;phonon/scripts/figures/gband_campaign_figs.py;phonon/scripts/figures/r4_mixer_campaign.py;phonon/studies/_bench_sse_stages.py;phonon/studies/_campaign_figures.py;phonon/studies/_campaign_observables.py;phonon/studies/_cnt_fc3_compression_review.py;phonon/studies/_cnt_sparse_ring_gpu_bench.py;phonon/studies/_ir_mode_census.py;phonon/studies/_lead_balance_gain.py;phonon/studies/_mos2_dispersion_audit.py;phonon/studies/_pc_bench.sh;phonon/studies/_resonance_gain_study.py;phonon/studies/_run_cnt33_L4_conservation.py;phonon/studies/_run_cnt33_L4_nugrid.py;phonon/studies/_run_cnt33_L8_kk.py;phonon/studies/_run_cnt33_length_gband.py;phonon/studies/_run_cnt33_long_gband3.py;phonon/studies/_units_parity.py;phonon/studies/_verify_sse_opts.py,phonon/docs/cnt_observations.md;phonon/docs/observations_2026-08-15.md;phonon/docs/pole_sector_state_and_next_steps.md;phonon/docs/report_rerun_backlog.md;phonon/docs/run_audit_2026-08.md;phonon/studies/out/anderson_test/cnt33_L10_linear/quatrex_config.toml;phonon/studies/out/anderson_test/cnt33_L4_gband2_rre/quatrex_config.toml;phonon/studies/out/anderson_test/cnt33_L4_gband2_rre_b02/quatrex_config.toml;phonon/studies/out/anderson_test/cnt33_L4_linear/quatrex_config.toml;phonon/studies/out/anderson_test/cnt33_L5_linear/quatrex_config.toml;phonon/studies/out/anderson_test/cnt33_L6_linear/quatrex_config.toml;phonon/studies/out/anderson_test/cnt33_L7_linear/quatrex_config.toml;phonon/studies/out/anderson_test/cnt33_L8_linear/quatrex_config.toml;phonon/studies/out/anderson_test/jprobe_snaps/MANIFEST.md;phonon/studies/out/anderson_test/local_L2/quatrex_config.toml,keep-referenced,no-solver-log
anderson_test/cnt33_anderson_tuned,unknown,,2026-07-11,,,,,unknown,,,,,,,,,,,,,no-log,,,0.0006,0.0,phonon/scripts/figures/_extract_grid_aliasing.py;phonon/scripts/figures/build_campaign_page.py;phonon/scripts/figures/cnt33_gq_length.py;phonon/scripts/figures/cnt33_observables_atlas.py;phonon/scripts/figures/gband_campaign_figs.py;phonon/scripts/figures/r4_mixer_campaign.py;phonon/studies/_bench_sse_stages.py;phonon/studies/_campaign_figures.py;phonon/studies/_campaign_observables.py;phonon/studies/_cnt_fc3_compression_review.py;phonon/studies/_cnt_sparse_ring_gpu_bench.py;phonon/studies/_ir_mode_census.py;phonon/studies/_lead_balance_gain.py;phonon/studies/_mos2_dispersion_audit.py;phonon/studies/_pc_bench.sh;phonon/studies/_resonance_gain_study.py;phonon/studies/_run_cnt33_L4_conservation.py;phonon/studies/_run_cnt33_L4_nugrid.py;phonon/studies/_run_cnt33_L8_kk.py;phonon/studies/_run_cnt33_length_gband.py;phonon/studies/_run_cnt33_long_gband3.py;phonon/studies/_units_parity.py;phonon/studies/_verify_sse_opts.py,phonon/docs/cnt_observations.md;phonon/docs/observations_2026-08-15.md;phonon/docs/pole_sector_state_and_next_steps.md;phonon/docs/report_rerun_backlog.md;phonon/docs/run_audit_2026-08.md;phonon/studies/out/anderson_test/cnt33_L10_linear/quatrex_config.toml;phonon/studies/out/anderson_test/cnt33_L4_gband2_rre/quatrex_config.toml;phonon/studies/out/anderson_test/cnt33_L4_gband2_rre_b02/quatrex_config.toml;phonon/studies/out/anderson_test/cnt33_L4_linear/quatrex_config.toml;phonon/studies/out/anderson_test/cnt33_L5_linear/quatrex_config.toml;phonon/studies/out/anderson_test/cnt33_L6_linear/quatrex_config.toml;phonon/studies/out/anderson_test/cnt33_L7_linear/quatrex_config.toml;phonon/studies/out/anderson_test/cnt33_L8_linear/quatrex_config.toml;phonon/studies/out/anderson_test/jprobe_snaps/MANIFEST.md;phonon/studies/out/anderson_test/local_L2/quatrex_config.toml,keep-referenced,no-solver-log
anderson_test/cnt33_linear,unknown,,2026-07-11,,,,,unknown,,,,,,,,,,,,,no-log,,,0.0005,0.0,phonon/scripts/figures/_extract_grid_aliasing.py;phonon/scripts/figures/build_campaign_page.py;phonon/scripts/figures/cnt33_gq_length.py;phonon/scripts/figures/cnt33_observables_atlas.py;phonon/scripts/figures/gband_campaign_figs.py;phonon/scripts/figures/r4_mixer_campaign.py;phonon/studies/_bench_sse_stages.py;phonon/studies/_campaign_figures.py;phonon/studies/_campaign_observables.py;phonon/studies/_cnt_fc3_compression_review.py;phonon/studies/_cnt_sparse_ring_gpu_bench.py;phonon/studies/_ir_mode_census.py;phonon/studies/_lead_balance_gain.py;phonon/studies/_mos2_dispersion_audit.py;phonon/studies/_pc_bench.sh;phonon/studies/_resonance_gain_study.py;phonon/studies/_run_cnt33_L4_conservation.py;phonon/studies/_run_cnt33_L4_nugrid.py;phonon/studies/_run_cnt33_L8_kk.py;phonon/studies/_run_cnt33_length_gband.py;phonon/studies/_run_cnt33_long_gband3.py;phonon/studies/_units_parity.py;phonon/studies/_verify_sse_opts.py,phonon/docs/cnt_observations.md;phonon/docs/observations_2026-08-15.md;phonon/docs/pole_sector_state_and_next_steps.md;phonon/docs/report_rerun_backlog.md;phonon/docs/run_audit_2026-08.md;phonon/studies/out/anderson_test/cnt33_L10_linear/quatrex_config.toml;phonon/studies/out/anderson_test/cnt33_L4_gband2_rre/quatrex_config.toml;phonon/studies/out/anderson_test/cnt33_L4_gband2_rre_b02/quatrex_config.toml;phonon/studies/out/anderson_test/cnt33_L4_linear/quatrex_config.toml;phonon/studies/out/anderson_test/cnt33_L5_linear/quatrex_config.toml;phonon/studies/out/anderson_test/cnt33_L6_linear/quatrex_config.toml;phonon/studies/out/anderson_test/cnt33_L7_linear/quatrex_config.toml;phonon/studies/out/anderson_test/cnt33_L8_linear/quatrex_config.toml;phonon/studies/out/anderson_test/jprobe_snaps/MANIFEST.md;phonon/studies/out/anderson_test/local_L2/quatrex_config.toml,keep-referenced,no-solver-log
anderson_test/cnt33_mpichk,unknown,,2026-07-11,,,,,unknown,,,,,,,,,,,,,no-log,,,0.0006,0.0,phonon/scripts/figures/_extract_grid_aliasing.py;phonon/scripts/figures/build_campaign_page.py;phonon/scripts/figures/cnt33_gq_length.py;phonon/scripts/figures/cnt33_observables_atlas.py;phonon/scripts/figures/gband_campaign_figs.py;phonon/scripts/figures/r4_mixer_campaign.py;phonon/studies/_bench_sse_stages.py;phonon/studies/_campaign_figures.py;phonon/studies/_campaign_observables.py;phonon/studies/_cnt_fc3_compression_review.py;phonon/studies/_cnt_sparse_ring_gpu_bench.py;phonon/studies/_ir_mode_census.py;phonon/studies/_lead_balance_gain.py;phonon/studies/_mos2_dispersion_audit.py;phonon/studies/_pc_bench.sh;phonon/studies/_resonance_gain_study.py;phonon/studies/_run_cnt33_L4_conservation.py;phonon/studies/_run_cnt33_L4_nugrid.py;phonon/studies/_run_cnt33_L8_kk.py;phonon/studies/_run_cnt33_length_gband.py;phonon/studies/_run_cnt33_long_gband3.py;phonon/studies/_units_parity.py;phonon/studies/_verify_sse_opts.py,phonon/docs/cnt_observations.md;phonon/docs/observations_2026-08-15.md;phonon/docs/pole_sector_state_and_next_steps.md;phonon/docs/report_rerun_backlog.md;phonon/docs/run_audit_2026-08.md;phonon/studies/out/anderson_test/cnt33_L10_linear/quatrex_config.toml;phonon/studies/out/anderson_test/cnt33_L4_gband2_rre/quatrex_config.toml;phonon/studies/out/anderson_test/cnt33_L4_gband2_rre_b02/quatrex_config.toml;phonon/studies/out/anderson_test/cnt33_L4_linear/quatrex_config.toml;phonon/studies/out/anderson_test/cnt33_L5_linear/quatrex_config.toml;phonon/studies/out/anderson_test/cnt33_L6_linear/quatrex_config.toml;phonon/studies/out/anderson_test/cnt33_L7_linear/quatrex_config.toml;phonon/studies/out/anderson_test/cnt33_L8_linear/quatrex_config.toml;phonon/studies/out/anderson_test/jprobe_snaps/MANIFEST.md;phonon/studies/out/anderson_test/local_L2/quatrex_config.toml,keep-referenced,no-solver-log
anderson_test/d5a_anderson,unknown,,2026-07-11,,,,,unknown,,,,,,,,,,,,,no-log,,,0.0007,0.0,phonon/scripts/figures/_extract_grid_aliasing.py;phonon/scripts/figures/build_campaign_page.py;phonon/scripts/figures/cnt33_gq_length.py;phonon/scripts/figures/cnt33_observables_atlas.py;phonon/scripts/figures/gband_campaign_figs.py;phonon/scripts/figures/r4_mixer_campaign.py;phonon/studies/_bench_sse_stages.py;phonon/studies/_campaign_figures.py;phonon/studies/_campaign_observables.py;phonon/studies/_cnt_fc3_compression_review.py;phonon/studies/_cnt_sparse_ring_gpu_bench.py;phonon/studies/_ir_mode_census.py;phonon/studies/_lead_balance_gain.py;phonon/studies/_mos2_dispersion_audit.py;phonon/studies/_pc_bench.sh;phonon/studies/_resonance_gain_study.py;phonon/studies/_run_cnt33_L4_conservation.py;phonon/studies/_run_cnt33_L4_nugrid.py;phonon/studies/_run_cnt33_L8_kk.py;phonon/studies/_run_cnt33_length_gband.py;phonon/studies/_run_cnt33_long_gband3.py;phonon/studies/_units_parity.py;phonon/studies/_verify_sse_opts.py,phonon/docs/cnt_observations.md;phonon/docs/observations_2026-08-15.md;phonon/docs/pole_sector_state_and_next_steps.md;phonon/docs/report_rerun_backlog.md;phonon/docs/run_audit_2026-08.md;phonon/studies/out/anderson_test/cnt33_L10_linear/quatrex_config.toml;phonon/studies/out/anderson_test/cnt33_L4_gband2_rre/quatrex_config.toml;phonon/studies/out/anderson_test/cnt33_L4_gband2_rre_b02/quatrex_config.toml;phonon/studies/out/anderson_test/cnt33_L4_linear/quatrex_config.toml;phonon/studies/out/anderson_test/cnt33_L5_linear/quatrex_config.toml;phonon/studies/out/anderson_test/cnt33_L6_linear/quatrex_config.toml;phonon/studies/out/anderson_test/cnt33_L7_linear/quatrex_config.toml;phonon/studies/out/anderson_test/cnt33_L8_linear/quatrex_config.toml;phonon/studies/out/anderson_test/jprobe_snaps/MANIFEST.md;phonon/studies/out/anderson_test/local_L2/quatrex_config.toml,keep-referenced,no-solver-log
anderson_test/d5a_linear,unknown,,2026-07-13,,21,2,,unknown,,,,,,,,,,,,,no-log,,,0.0009,0.0,phonon/scripts/figures/_extract_grid_aliasing.py;phonon/scripts/figures/build_campaign_page.py;phonon/scripts/figures/cnt33_gq_length.py;phonon/scripts/figures/cnt33_observables_atlas.py;phonon/scripts/figures/gband_campaign_figs.py;phonon/scripts/figures/r4_mixer_campaign.py;phonon/studies/_bench_sse_stages.py;phonon/studies/_campaign_figures.py;phonon/studies/_campaign_observables.py;phonon/studies/_cnt_fc3_compression_review.py;phonon/studies/_cnt_sparse_ring_gpu_bench.py;phonon/studies/_ir_mode_census.py;phonon/studies/_lead_balance_gain.py;phonon/studies/_mos2_dispersion_audit.py;phonon/studies/_pc_bench.sh;phonon/studies/_resonance_gain_study.py;phonon/studies/_run_cnt33_L4_conservation.py;phonon/studies/_run_cnt33_L4_nugrid.py;phonon/studies/_run_cnt33_L8_kk.py;phonon/studies/_run_cnt33_length_gband.py;phonon/studies/_run_cnt33_long_gband3.py;phonon/studies/_units_parity.py;phonon/studies/_verify_sse_opts.py,phonon/docs/cnt_observations.md;phonon/docs/observations_2026-08-15.md;phonon/docs/pole_sector_state_and_next_steps.md;phonon/docs/report_rerun_backlog.md;phonon/docs/run_audit_2026-08.md;phonon/studies/out/anderson_test/cnt33_L10_linear/quatrex_config.toml;phonon/studies/out/anderson_test/cnt33_L4_gband2_rre/quatrex_config.toml;phonon/studies/out/anderson_test/cnt33_L4_gband2_rre_b02/quatrex_config.toml;phonon/studies/out/anderson_test/cnt33_L4_linear/quatrex_config.toml;phonon/studies/out/anderson_test/cnt33_L5_linear/quatrex_config.toml;phonon/studies/out/anderson_test/cnt33_L6_linear/quatrex_config.toml;phonon/studies/out/anderson_test/cnt33_L7_linear/quatrex_config.toml;phonon/studies/out/anderson_test/cnt33_L8_linear/quatrex_config.toml;phonon/studies/out/anderson_test/jprobe_snaps/MANIFEST.md;phonon/studies/out/anderson_test/local_L2/quatrex_config.toml,keep-referenced,no-solver-log
anderson_test/inputs_L2,unknown,,2026-07-11,,12,1,,unknown,,,,,,,,,,,,,no-log,,,0.0056,0.0,phonon/scripts/figures/_extract_grid_aliasing.py;phonon/scripts/figures/build_campaign_page.py;phonon/scripts/figures/cnt33_gq_length.py;phonon/scripts/figures/cnt33_observables_atlas.py;phonon/scripts/figures/gband_campaign_figs.py;phonon/scripts/figures/r4_mixer_campaign.py;phonon/studies/_bench_sse_stages.py;phonon/studies/_campaign_figures.py;phonon/studies/_campaign_observables.py;phonon/studies/_cnt_fc3_compression_review.py;phonon/studies/_cnt_sparse_ring_gpu_bench.py;phonon/studies/_ir_mode_census.py;phonon/studies/_lead_balance_gain.py;phonon/studies/_mos2_dispersion_audit.py;phonon/studies/_pc_bench.sh;phonon/studies/_resonance_gain_study.py;phonon/studies/_run_cnt33_L4_conservation.py;phonon/studies/_run_cnt33_L4_nugrid.py;phonon/studies/_run_cnt33_L8_kk.py;phonon/studies/_run_cnt33_length_gband.py;phonon/studies/_run_cnt33_long_gband3.py;phonon/studies/_units_parity.py;phonon/studies/_verify_sse_opts.py,phonon/docs/cnt_observations.md;phonon/docs/observations_2026-08-15.md;phonon/docs/pole_sector_state_and_next_steps.md;phonon/docs/report_rerun_backlog.md;phonon/docs/run_audit_2026-08.md;phonon/studies/out/anderson_test/cnt33_L10_linear/quatrex_config.toml;phonon/studies/out/anderson_test/cnt33_L4_gband2_rre/quatrex_config.toml;phonon/studies/out/anderson_test/cnt33_L4_gband2_rre_b02/quatrex_config.toml;phonon/studies/out/anderson_test/cnt33_L4_linear/quatrex_config.toml;phonon/studies/out/anderson_test/cnt33_L5_linear/quatrex_config.toml;phonon/studies/out/anderson_test/cnt33_L6_linear/quatrex_config.toml;phonon/studies/out/anderson_test/cnt33_L7_linear/quatrex_config.toml;phonon/studies/out/anderson_test/cnt33_L8_linear/quatrex_config.toml;phonon/studies/out/anderson_test/jprobe_snaps/MANIFEST.md;phonon/studies/out/anderson_test/local_L2/quatrex_config.toml,keep-referenced,no-solver-log
anderson_test/jprobe_snaps,cnt33,C,2026-07-16,4,12,1,1,date,181,55.0,,,1e-12,,10.0,,,21.9,111,,converged,,0.063975,2.8792,0.0,phonon/scripts/figures/_extract_grid_aliasing.py;phonon/scripts/figures/build_campaign_page.py;phonon/scripts/figures/cnt33_gq_length.py;phonon/scripts/figures/cnt33_observables_atlas.py;phonon/scripts/figures/gband_campaign_figs.py;phonon/scripts/figures/r4_mixer_campaign.py;phonon/studies/_bench_sse_stages.py;phonon/studies/_campaign_figures.py;phonon/studies/_campaign_observables.py;phonon/studies/_cnt_fc3_compression_review.py;phonon/studies/_cnt_sparse_ring_gpu_bench.py;phonon/studies/_ir_mode_census.py;phonon/studies/_lead_balance_gain.py;phonon/studies/_mos2_dispersion_audit.py;phonon/studies/_pc_bench.sh;phonon/studies/_resonance_gain_study.py;phonon/studies/_run_cnt33_L4_conservation.py;phonon/studies/_run_cnt33_L4_nugrid.py;phonon/studies/_run_cnt33_L8_kk.py;phonon/studies/_run_cnt33_length_gband.py;phonon/studies/_run_cnt33_long_gband3.py;phonon/studies/_units_parity.py;phonon/studies/_verify_sse_opts.py,phonon/docs/cnt_observations.md;phonon/docs/observations_2026-08-15.md;phonon/docs/pole_sector_state_and_next_steps.md;phonon/docs/report_rerun_backlog.md;phonon/docs/run_audit_2026-08.md;phonon/studies/out/anderson_test/cnt33_L10_linear/quatrex_config.toml;phonon/studies/out/anderson_test/cnt33_L4_gband2_rre/quatrex_config.toml;phonon/studies/out/anderson_test/cnt33_L4_gband2_rre_b02/quatrex_config.toml;phonon/studies/out/anderson_test/cnt33_L4_linear/quatrex_config.toml;phonon/studies/out/anderson_test/cnt33_L5_linear/quatrex_config.toml;phonon/studies/out/anderson_test/cnt33_L6_linear/quatrex_config.toml;phonon/studies/out/anderson_test/cnt33_L7_linear/quatrex_config.toml;phonon/studies/out/anderson_test/cnt33_L8_linear/quatrex_config.toml;phonon/studies/out/anderson_test/jprobe_snaps/MANIFEST.md;phonon/studies/out/anderson_test/local_L2/quatrex_config.toml,keep-referenced,gband=1;cells_per_block=1;extent-truncated=21.9%;no-cm-subtraction
anderson_test/local_L2,cnt33,C,2026-07-31,2,12,1,1,date,181,55.0,,,1e-12,,10.0,,,,,,no-solver-log,,,0.0056,0.0,phonon/scripts/figures/_extract_grid_aliasing.py;phonon/scripts/figures/build_campaign_page.py;phonon/scripts/figures/cnt33_gq_length.py;phonon/scripts/figures/cnt33_observables_atlas.py;phonon/scripts/figures/gband_campaign_figs.py;phonon/scripts/figures/r4_mixer_campaign.py;phonon/studies/_bench_sse_stages.py;phonon/studies/_campaign_figures.py;phonon/studies/_campaign_observables.py;phonon/studies/_cnt_fc3_compression_review.py;phonon/studies/_cnt_sparse_ring_gpu_bench.py;phonon/studies/_ir_mode_census.py;phonon/studies/_lead_balance_gain.py;phonon/studies/_mos2_dispersion_audit.py;phonon/studies/_pc_bench.sh;phonon/studies/_resonance_gain_study.py;phonon/studies/_run_cnt33_L4_conservation.py;phonon/studies/_run_cnt33_L4_nugrid.py;phonon/studies/_run_cnt33_L8_kk.py;phonon/studies/_run_cnt33_length_gband.py;phonon/studies/_run_cnt33_long_gband3.py;phonon/studies/_units_parity.py;phonon/studies/_verify_sse_opts.py,phonon/docs/cnt_observations.md;phonon/docs/observations_2026-08-15.md;phonon/docs/pole_sector_state_and_next_steps.md;phonon/docs/report_rerun_backlog.md;phonon/docs/run_audit_2026-08.md;phonon/studies/out/anderson_test/cnt33_L10_linear/quatrex_config.toml;phonon/studies/out/anderson_test/cnt33_L4_gband2_rre/quatrex_config.toml;phonon/studies/out/anderson_test/cnt33_L4_gband2_rre_b02/quatrex_config.toml;phonon/studies/out/anderson_test/cnt33_L4_linear/quatrex_config.toml;phonon/studies/out/anderson_test/cnt33_L5_linear/quatrex_config.toml;phonon/studies/out/anderson_test/cnt33_L6_linear/quatrex_config.toml;phonon/studies/out/anderson_test/cnt33_L7_linear/quatrex_config.toml;phonon/studies/out/anderson_test/cnt33_L8_linear/quatrex_config.toml;phonon/studies/out/anderson_test/jprobe_snaps/MANIFEST.md;phonon/studies/out/anderson_test/local_L2/quatrex_config.toml,keep-referenced,no-solver-log
anderson_test/mixer_campaign_L2,unknown,,2026-07-12,2,,,1,date,181,,,,1e-12,,,,,,17,,converged,256,0.15986,0.7222,0.0,phonon/scripts/figures/_extract_grid_aliasing.py;phonon/scripts/figures/build_campaign_page.py;phonon/scripts/figures/cnt33_gq_length.py;phonon/scripts/figures/cnt33_observables_atlas.py;phonon/scripts/figures/gband_campaign_figs.py;phonon/scripts/figures/r4_mixer_campaign.py;phonon/studies/_bench_sse_stages.py;phonon/studies/_campaign_figures.py;phonon/studies/_campaign_observables.py;phonon/studies/_cnt_fc3_compression_review.py;phonon/studies/_cnt_sparse_ring_gpu_bench.py;phonon/studies/_ir_mode_census.py;phonon/studies/_lead_balance_gain.py;phonon/studies/_mos2_dispersion_audit.py;phonon/studies/_pc_bench.sh;phonon/studies/_resonance_gain_study.py;phonon/studies/_run_cnt33_L4_conservation.py;phonon/studies/_run_cnt33_L4_nugrid.py;phonon/studies/_run_cnt33_L8_kk.py;phonon/studies/_run_cnt33_length_gband.py;phonon/studies/_run_cnt33_long_gband3.py;phonon/studies/_units_parity.py;phonon/studies/_verify_sse_opts.py,phonon/docs/cnt_observations.md;phonon/docs/observations_2026-08-15.md;phonon/docs/pole_sector_state_and_next_steps.md;phonon/docs/report_rerun_backlog.md;phonon/docs/run_audit_2026-08.md;phonon/studies/out/anderson_test/cnt33_L10_linear/quatrex_config.toml;phonon/studies/out/anderson_test/cnt33_L4_gband2_rre/quatrex_config.toml;phonon/studies/out/anderson_test/cnt33_L4_gband2_rre_b02/quatrex_config.toml;phonon/studies/out/anderson_test/cnt33_L4_linear/quatrex_config.toml;phonon/studies/out/anderson_test/cnt33_L5_linear/quatrex_config.toml;phonon/studies/out/anderson_test/cnt33_L6_linear/quatrex_config.toml;phonon/studies/out/anderson_test/cnt33_L7_linear/quatrex_config.toml;phonon/studies/out/anderson_test/cnt33_L8_linear/quatrex_config.toml;phonon/studies/out/anderson_test/jprobe_snaps/MANIFEST.md;phonon/studies/out/anderson_test/local_L2/quatrex_config.toml,keep-referenced,gband=1;cells_per_block=unknown;no-cm-subtraction
anderson_test/mixer_campaign_L4,unknown,,2026-07-12,4,,,1,date,181,,,,1e-12,,,,,2.6,4,,incomplete,449,0.7373,0.0028,0.0,phonon/scripts/figures/_extract_grid_aliasing.py;phonon/scripts/figures/build_campaign_page.py;phonon/scripts/figures/cnt33_gq_length.py;phonon/scripts/figures/cnt33_observables_atlas.py;phonon/scripts/figures/gband_campaign_figs.py;phonon/scripts/figures/r4_mixer_campaign.py;phonon/studies/_bench_sse_stages.py;phonon/studies/_campaign_figures.py;phonon/studies/_campaign_observables.py;phonon/studies/_cnt_fc3_compression_review.py;phonon/studies/_cnt_sparse_ring_gpu_bench.py;phonon/studies/_ir_mode_census.py;phonon/studies/_lead_balance_gain.py;phonon/studies/_mos2_dispersion_audit.py;phonon/studies/_pc_bench.sh;phonon/studies/_resonance_gain_study.py;phonon/studies/_run_cnt33_L4_conservation.py;phonon/studies/_run_cnt33_L4_nugrid.py;phonon/studies/_run_cnt33_L8_kk.py;phonon/studies/_run_cnt33_length_gband.py;phonon/studies/_run_cnt33_long_gband3.py;phonon/studies/_units_parity.py;phonon/studies/_verify_sse_opts.py,phonon/docs/cnt_observations.md;phonon/docs/observations_2026-08-15.md;phonon/docs/pole_sector_state_and_next_steps.md;phonon/docs/report_rerun_backlog.md;phonon/docs/run_audit_2026-08.md;phonon/studies/out/anderson_test/cnt33_L10_linear/quatrex_config.toml;phonon/studies/out/anderson_test/cnt33_L4_gband2_rre/quatrex_config.toml;phonon/studies/out/anderson_test/cnt33_L4_gband2_rre_b02/quatrex_config.toml;phonon/studies/out/anderson_test/cnt33_L4_linear/quatrex_config.toml;phonon/studies/out/anderson_test/cnt33_L5_linear/quatrex_config.toml;phonon/studies/out/anderson_test/cnt33_L6_linear/quatrex_config.toml;phonon/studies/out/anderson_test/cnt33_L7_linear/quatrex_config.toml;phonon/studies/out/anderson_test/cnt33_L8_linear/quatrex_config.toml;phonon/studies/out/anderson_test/jprobe_snaps/MANIFEST.md;phonon/studies/out/anderson_test/local_L2/quatrex_config.toml,keep-referenced,gband=1;cells_per_block=unknown;extent-truncated=2.6%;no-cm-subtraction
anderson_test/mixer_campaign_L4_b005,unknown,,2026-07-16,4,,,1,date,181,,,,1e-12,,,,,2.6,2,,incomplete,1199,0.0031023,0.0025,0.0,phonon/scripts/figures/_extract_grid_aliasing.py;phonon/scripts/figures/build_campaign_page.py;phonon/scripts/figures/cnt33_gq_length.py;phonon/scripts/figures/cnt33_observables_atlas.py;phonon/scripts/figures/gband_campaign_figs.py;phonon/scripts/figures/r4_mixer_campaign.py;phonon/studies/_bench_sse_stages.py;phonon/studies/_campaign_figures.py;phonon/studies/_campaign_observables.py;phonon/studies/_cnt_fc3_compression_review.py;phonon/studies/_cnt_sparse_ring_gpu_bench.py;phonon/studies/_ir_mode_census.py;phonon/studies/_lead_balance_gain.py;phonon/studies/_mos2_dispersion_audit.py;phonon/studies/_pc_bench.sh;phonon/studies/_resonance_gain_study.py;phonon/studies/_run_cnt33_L4_conservation.py;phonon/studies/_run_cnt33_L4_nugrid.py;phonon/studies/_run_cnt33_L8_kk.py;phonon/studies/_run_cnt33_length_gband.py;phonon/studies/_run_cnt33_long_gband3.py;phonon/studies/_units_parity.py;phonon/studies/_verify_sse_opts.py,phonon/docs/cnt_observations.md;phonon/docs/observations_2026-08-15.md;phonon/docs/pole_sector_state_and_next_steps.md;phonon/docs/report_rerun_backlog.md;phonon/docs/run_audit_2026-08.md;phonon/studies/out/anderson_test/cnt33_L10_linear/quatrex_config.toml;phonon/studies/out/anderson_test/cnt33_L4_gband2_rre/quatrex_config.toml;phonon/studies/out/anderson_test/cnt33_L4_gband2_rre_b02/quatrex_config.toml;phonon/studies/out/anderson_test/cnt33_L4_linear/quatrex_config.toml;phonon/studies/out/anderson_test/cnt33_L5_linear/quatrex_config.toml;phonon/studies/out/anderson_test/cnt33_L6_linear/quatrex_config.toml;phonon/studies/out/anderson_test/cnt33_L7_linear/quatrex_config.toml;phonon/studies/out/anderson_test/cnt33_L8_linear/quatrex_config.toml;phonon/studies/out/anderson_test/jprobe_snaps/MANIFEST.md;phonon/studies/out/anderson_test/local_L2/quatrex_config.toml,keep-referenced,gband=1;cells_per_block=unknown;extent-truncated=2.6%;no-cm-subtraction
anderson_test/mixer_campaign_d5a,unknown,,2026-07-12,2,,,1,date,181,,,,1e-12,,,,,,1,,incomplete,116,1357.0,0.0002,0.0,phonon/scripts/figures/_extract_grid_aliasing.py;phonon/scripts/figures/build_campaign_page.py;phonon/scripts/figures/cnt33_gq_length.py;phonon/scripts/figures/cnt33_observables_atlas.py;phonon/scripts/figures/gband_campaign_figs.py;phonon/scripts/figures/r4_mixer_campaign.py;phonon/studies/_bench_sse_stages.py;phonon/studies/_campaign_figures.py;phonon/studies/_campaign_observables.py;phonon/studies/_cnt_fc3_compression_review.py;phonon/studies/_cnt_sparse_ring_gpu_bench.py;phonon/studies/_ir_mode_census.py;phonon/studies/_lead_balance_gain.py;phonon/studies/_mos2_dispersion_audit.py;phonon/studies/_pc_bench.sh;phonon/studies/_resonance_gain_study.py;phonon/studies/_run_cnt33_L4_conservation.py;phonon/studies/_run_cnt33_L4_nugrid.py;phonon/studies/_run_cnt33_L8_kk.py;phonon/studies/_run_cnt33_length_gband.py;phonon/studies/_run_cnt33_long_gband3.py;phonon/studies/_units_parity.py;phonon/studies/_verify_sse_opts.py,phonon/docs/cnt_observations.md;phonon/docs/observations_2026-08-15.md;phonon/docs/pole_sector_state_and_next_steps.md;phonon/docs/report_rerun_backlog.md;phonon/docs/run_audit_2026-08.md;phonon/studies/out/anderson_test/cnt33_L10_linear/quatrex_config.toml;phonon/studies/out/anderson_test/cnt33_L4_gband2_rre/quatrex_config.toml;phonon/studies/out/anderson_test/cnt33_L4_gband2_rre_b02/quatrex_config.toml;phonon/studies/out/anderson_test/cnt33_L4_linear/quatrex_config.toml;phonon/studies/out/anderson_test/cnt33_L5_linear/quatrex_config.toml;phonon/studies/out/anderson_test/cnt33_L6_linear/quatrex_config.toml;phonon/studies/out/anderson_test/cnt33_L7_linear/quatrex_config.toml;phonon/studies/out/anderson_test/cnt33_L8_linear/quatrex_config.toml;phonon/studies/out/anderson_test/jprobe_snaps/MANIFEST.md;phonon/studies/out/anderson_test/local_L2/quatrex_config.toml,keep-referenced,gband=1;cells_per_block=unknown;no-cm-subtraction
anderson_test/mixer_campaign_d5a_b01,unknown,,2026-07-12,2,,,1,date,181,,,,1e-12,,,,,,3,,incomplete,249,1.0186,0.0015,0.0,phonon/scripts/figures/_extract_grid_aliasing.py;phonon/scripts/figures/build_campaign_page.py;phonon/scripts/figures/cnt33_gq_length.py;phonon/scripts/figures/cnt33_observables_atlas.py;phonon/scripts/figures/gband_campaign_figs.py;phonon/scripts/figures/r4_mixer_campaign.py;phonon/studies/_bench_sse_stages.py;phonon/studies/_campaign_figures.py;phonon/studies/_campaign_observables.py;phonon/studies/_cnt_fc3_compression_review.py;phonon/studies/_cnt_sparse_ring_gpu_bench.py;phonon/studies/_ir_mode_census.py;phonon/studies/_lead_balance_gain.py;phonon/studies/_mos2_dispersion_audit.py;phonon/studies/_pc_bench.sh;phonon/studies/_resonance_gain_study.py;phonon/studies/_run_cnt33_L4_conservation.py;phonon/studies/_run_cnt33_L4_nugrid.py;phonon/studies/_run_cnt33_L8_kk.py;phonon/studies/_run_cnt33_length_gband.py;phonon/studies/_run_cnt33_long_gband3.py;phonon/studies/_units_parity.py;phonon/studies/_verify_sse_opts.py,phonon/docs/cnt_observations.md;phonon/docs/observations_2026-08-15.md;phonon/docs/pole_sector_state_and_next_steps.md;phonon/docs/report_rerun_backlog.md;phonon/docs/run_audit_2026-08.md;phonon/studies/out/anderson_test/cnt33_L10_linear/quatrex_config.toml;phonon/studies/out/anderson_test/cnt33_L4_gband2_rre/quatrex_config.toml;phonon/studies/out/anderson_test/cnt33_L4_gband2_rre_b02/quatrex_config.toml;phonon/studies/out/anderson_test/cnt33_L4_linear/quatrex_config.toml;phonon/studies/out/anderson_test/cnt33_L5_linear/quatrex_config.toml;phonon/studies/out/anderson_test/cnt33_L6_linear/quatrex_config.toml;phonon/studies/out/anderson_test/cnt33_L7_linear/quatrex_config.toml;phonon/studies/out/anderson_test/cnt33_L8_linear/quatrex_config.toml;phonon/studies/out/anderson_test/jprobe_snaps/MANIFEST.md;phonon/studies/out/anderson_test/local_L2/quatrex_config.toml,keep-referenced,gband=1;cells_per_block=unknown;no-cm-subtraction
anderson_test/mixer_campaign_d5a_v2,unknown,,2026-07-13,2,,,1,date,181,,,,1e-12,,,,,6.8,6,,converged,81,0.00072327,0.0026,0.0,phonon/scripts/figures/_extract_grid_aliasing.py;phonon/scripts/figures/build_campaign_page.py;phonon/scripts/figures/cnt33_gq_length.py;phonon/scripts/figures/cnt33_observables_atlas.py;phonon/scripts/figures/gband_campaign_figs.py;phonon/scripts/figures/r4_mixer_campaign.py;phonon/studies/_bench_sse_stages.py;phonon/studies/_campaign_figures.py;phonon/studies/_campaign_observables.py;phonon/studies/_cnt_fc3_compression_review.py;phonon/studies/_cnt_sparse_ring_gpu_bench.py;phonon/studies/_ir_mode_census.py;phonon/studies/_lead_balance_gain.py;phonon/studies/_mos2_dispersion_audit.py;phonon/studies/_pc_bench.sh;phonon/studies/_resonance_gain_study.py;phonon/studies/_run_cnt33_L4_conservation.py;phonon/studies/_run_cnt33_L4_nugrid.py;phonon/studies/_run_cnt33_L8_kk.py;phonon/studies/_run_cnt33_length_gband.py;phonon/studies/_run_cnt33_long_gband3.py;phonon/studies/_units_parity.py;phonon/studies/_verify_sse_opts.py,phonon/docs/cnt_observations.md;phonon/docs/observations_2026-08-15.md;phonon/docs/pole_sector_state_and_next_steps.md;phonon/docs/report_rerun_backlog.md;phonon/docs/run_audit_2026-08.md;phonon/studies/out/anderson_test/cnt33_L10_linear/quatrex_config.toml;phonon/studies/out/anderson_test/cnt33_L4_gband2_rre/quatrex_config.toml;phonon/studies/out/anderson_test/cnt33_L4_gband2_rre_b02/quatrex_config.toml;phonon/studies/out/anderson_test/cnt33_L4_linear/quatrex_config.toml;phonon/studies/out/anderson_test/cnt33_L5_linear/quatrex_config.toml;phonon/studies/out/anderson_test/cnt33_L6_linear/quatrex_config.toml;phonon/studies/out/anderson_test/cnt33_L7_linear/quatrex_config.toml;phonon/studies/out/anderson_test/cnt33_L8_linear/quatrex_config.toml;phonon/studies/out/anderson_test/jprobe_snaps/MANIFEST.md;phonon/studies/out/anderson_test/local_L2/quatrex_config.toml,keep-referenced,gband=1;cells_per_block=unknown;extent-truncated=6.8%;no-cm-subtraction
anderson_test/rre_sweep_L2,unknown,,2026-07-12,2,,,1,date,181,,,,1e-12,,,,,,7,,converged,194,0.00099287,0.0024,0.0,phonon/scripts/figures/_extract_grid_aliasing.py;phonon/scripts/figures/build_campaign_page.py;phonon/scripts/figures/cnt33_gq_length.py;phonon/scripts/figures/cnt33_observables_atlas.py;phonon/scripts/figures/gband_campaign_figs.py;phonon/scripts/figures/r4_mixer_campaign.py;phonon/studies/_bench_sse_stages.py;phonon/studies/_campaign_figures.py;phonon/studies/_campaign_observables.py;phonon/studies/_cnt_fc3_compression_review.py;phonon/studies/_cnt_sparse_ring_gpu_bench.py;phonon/studies/_ir_mode_census.py;phonon/studies/_lead_balance_gain.py;phonon/studies/_mos2_dispersion_audit.py;phonon/studies/_pc_bench.sh;phonon/studies/_resonance_gain_study.py;phonon/studies/_run_cnt33_L4_conservation.py;phonon/studies/_run_cnt33_L4_nugrid.py;phonon/studies/_run_cnt33_L8_kk.py;phonon/studies/_run_cnt33_length_gband.py;phonon/studies/_run_cnt33_long_gband3.py;phonon/studies/_units_parity.py;phonon/studies/_verify_sse_opts.py,phonon/docs/cnt_observations.md;phonon/docs/observations_2026-08-15.md;phonon/docs/pole_sector_state_and_next_steps.md;phonon/docs/report_rerun_backlog.md;phonon/docs/run_audit_2026-08.md;phonon/studies/out/anderson_test/cnt33_L10_linear/quatrex_config.toml;phonon/studies/out/anderson_test/cnt33_L4_gband2_rre/quatrex_config.toml;phonon/studies/out/anderson_test/cnt33_L4_gband2_rre_b02/quatrex_config.toml;phonon/studies/out/anderson_test/cnt33_L4_linear/quatrex_config.toml;phonon/studies/out/anderson_test/cnt33_L5_linear/quatrex_config.toml;phonon/studies/out/anderson_test/cnt33_L6_linear/quatrex_config.toml;phonon/studies/out/anderson_test/cnt33_L7_linear/quatrex_config.toml;phonon/studies/out/anderson_test/cnt33_L8_linear/quatrex_config.toml;phonon/studies/out/anderson_test/jprobe_snaps/MANIFEST.md;phonon/studies/out/anderson_test/local_L2/quatrex_config.toml,keep-referenced,gband=1;cells_per_block=unknown;no-cm-subtraction
anderson_test/sse_opt_verify,unknown,,2026-07-11,2,,,1,date,181,,,,1e-12,,,,,,4,,incomplete,3,13.04,0.0001,0.0,phonon/scripts/figures/_extract_grid_aliasing.py;phonon/scripts/figures/build_campaign_page.py;phonon/scripts/figures/cnt33_gq_length.py;phonon/scripts/figures/cnt33_observables_atlas.py;phonon/scripts/figures/gband_campaign_figs.py;phonon/scripts/figures/r4_mixer_campaign.py;phonon/studies/_bench_sse_stages.py;phonon/studies/_campaign_figures.py;phonon/studies/_campaign_observables.py;phonon/studies/_cnt_fc3_compression_review.py;phonon/studies/_cnt_sparse_ring_gpu_bench.py;phonon/studies/_ir_mode_census.py;phonon/studies/_lead_balance_gain.py;phonon/studies/_mos2_dispersion_audit.py;phonon/studies/_pc_bench.sh;phonon/studies/_resonance_gain_study.py;phonon/studies/_run_cnt33_L4_conservation.py;phonon/studies/_run_cnt33_L4_nugrid.py;phonon/studies/_run_cnt33_L8_kk.py;phonon/studies/_run_cnt33_length_gband.py;phonon/studies/_run_cnt33_long_gband3.py;phonon/studies/_units_parity.py;phonon/studies/_verify_sse_opts.py,phonon/docs/cnt_observations.md;phonon/docs/observations_2026-08-15.md;phonon/docs/pole_sector_state_and_next_steps.md;phonon/docs/report_rerun_backlog.md;phonon/docs/run_audit_2026-08.md;phonon/studies/out/anderson_test/cnt33_L10_linear/quatrex_config.toml;phonon/studies/out/anderson_test/cnt33_L4_gband2_rre/quatrex_config.toml;phonon/studies/out/anderson_test/cnt33_L4_gband2_rre_b02/quatrex_config.toml;phonon/studies/out/anderson_test/cnt33_L4_linear/quatrex_config.toml;phonon/studies/out/anderson_test/cnt33_L5_linear/quatrex_config.toml;phonon/studies/out/anderson_test/cnt33_L6_linear/quatrex_config.toml;phonon/studies/out/anderson_test/cnt33_L7_linear/quatrex_config.toml;phonon/studies/out/anderson_test/cnt33_L8_linear/quatrex_config.toml;phonon/studies/out/anderson_test/jprobe_snaps/MANIFEST.md;phonon/studies/out/anderson_test/local_L2/quatrex_config.toml,keep-referenced,gband=1;cells_per_block=unknown;no-cm-subtraction
anderson_test/sse_opt_verify_L10,unknown,,2026-07-11,10,,,1,date,181,,,,1e-12,,,,,,4,,incomplete,2,11.906,0.0001,0.0,phonon/scripts/figures/_extract_grid_aliasing.py;phonon/scripts/figures/build_campaign_page.py;phonon/scripts/figures/cnt33_gq_length.py;phonon/scripts/figures/cnt33_observables_atlas.py;phonon/scripts/figures/gband_campaign_figs.py;phonon/scripts/figures/r4_mixer_campaign.py;phonon/studies/_bench_sse_stages.py;phonon/studies/_campaign_figures.py;phonon/studies/_campaign_observables.py;phonon/studies/_cnt_fc3_compression_review.py;phonon/studies/_cnt_sparse_ring_gpu_bench.py;phonon/studies/_ir_mode_census.py;phonon/studies/_lead_balance_gain.py;phonon/studies/_mos2_dispersion_audit.py;phonon/studies/_pc_bench.sh;phonon/studies/_resonance_gain_study.py;phonon/studies/_run_cnt33_L4_conservation.py;phonon/studies/_run_cnt33_L4_nugrid.py;phonon/studies/_run_cnt33_L8_kk.py;phonon/studies/_run_cnt33_length_gband.py;phonon/studies/_run_cnt33_long_gband3.py;phonon/studies/_units_parity.py;phonon/studies/_verify_sse_opts.py,phonon/docs/cnt_observations.md;phonon/docs/observations_2026-08-15.md;phonon/docs/pole_sector_state_and_next_steps.md;phonon/docs/report_rerun_backlog.md;phonon/docs/run_audit_2026-08.md;phonon/studies/out/anderson_test/cnt33_L10_linear/quatrex_config.toml;phonon/studies/out/anderson_test/cnt33_L4_gband2_rre/quatrex_config.toml;phonon/studies/out/anderson_test/cnt33_L4_gband2_rre_b02/quatrex_config.toml;phonon/studies/out/anderson_test/cnt33_L4_linear/quatrex_config.toml;phonon/studies/out/anderson_test/cnt33_L5_linear/quatrex_config.toml;phonon/studies/out/anderson_test/cnt33_L6_linear/quatrex_config.toml;phonon/studies/out/anderson_test/cnt33_L7_linear/quatrex_config.toml;phonon/studies/out/anderson_test/cnt33_L8_linear/quatrex_config.toml;phonon/studies/out/anderson_test/jprobe_snaps/MANIFEST.md;phonon/studies/out/anderson_test/local_L2/quatrex_config.toml,keep-referenced,gband=1;cells_per_block=unknown;no-cm-subtraction
anderson_test/sse_opt_verify_L3,unknown,,2026-07-11,3,,,1,date,181,,,,1e-12,,,,,,4,,incomplete,2,1.0005,0.0001,0.0,phonon/scripts/figures/_extract_grid_aliasing.py;phonon/scripts/figures/build_campaign_page.py;phonon/scripts/figures/cnt33_gq_length.py;phonon/scripts/figures/cnt33_observables_atlas.py;phonon/scripts/figures/gband_campaign_figs.py;phonon/scripts/figures/r4_mixer_campaign.py;phonon/studies/_bench_sse_stages.py;phonon/studies/_campaign_figures.py;phonon/studies/_campaign_observables.py;phonon/studies/_cnt_fc3_compression_review.py;phonon/studies/_cnt_sparse_ring_gpu_bench.py;phonon/studies/_ir_mode_census.py;phonon/studies/_lead_balance_gain.py;phonon/studies/_mos2_dispersion_audit.py;phonon/studies/_pc_bench.sh;phonon/studies/_resonance_gain_study.py;phonon/studies/_run_cnt33_L4_conservation.py;phonon/studies/_run_cnt33_L4_nugrid.py;phonon/studies/_run_cnt33_L8_kk.py;phonon/studies/_run_cnt33_length_gband.py;phonon/studies/_run_cnt33_long_gband3.py;phonon/studies/_units_parity.py;phonon/studies/_verify_sse_opts.py,phonon/docs/cnt_observations.md;phonon/docs/observations_2026-08-15.md;phonon/docs/pole_sector_state_and_next_steps.md;phonon/docs/report_rerun_backlog.md;phonon/docs/run_audit_2026-08.md;phonon/studies/out/anderson_test/cnt33_L10_linear/quatrex_config.toml;phonon/studies/out/anderson_test/cnt33_L4_gband2_rre/quatrex_config.toml;phonon/studies/out/anderson_test/cnt33_L4_gband2_rre_b02/quatrex_config.toml;phonon/studies/out/anderson_test/cnt33_L4_linear/quatrex_config.toml;phonon/studies/out/anderson_test/cnt33_L5_linear/quatrex_config.toml;phonon/studies/out/anderson_test/cnt33_L6_linear/quatrex_config.toml;phonon/studies/out/anderson_test/cnt33_L7_linear/quatrex_config.toml;phonon/studies/out/anderson_test/cnt33_L8_linear/quatrex_config.toml;phonon/studies/out/anderson_test/jprobe_snaps/MANIFEST.md;phonon/studies/out/anderson_test/local_L2/quatrex_config.toml,keep-referenced,gband=1;cells_per_block=unknown;no-cm-subtraction
cnt33_L4_conservation,cnt33,,2026-07-21,,,,,unknown,,,,,,,,,,,,,no-log,,,0.0002,0.0,phonon/scripts/figures/retired/conservation_diagnosis.py;phonon/studies/_run_cnt33_L4_conservation.py,phonon/docs/run_audit_2026-08.md,keep-referenced,no-solver-log
cnt33_L4_nugrid/nu2,cnt33,,2026-08-03,,,,,unknown,,,,,,,,,,,,,no-log,,,0.0007,0.0,phonon/scripts/figures/_extract_grid_aliasing.py;phonon/studies/_run_cnt33_L4_nugrid.py,phonon/docs/run_audit_2026-08.md,keep-referenced,no-solver-log
cnt33_L4_nugrid/uni,cnt33,,2026-08-03,,,,,unknown,,,,,,,,,,,,,no-log,,,0.0008,0.0,phonon/scripts/figures/_extract_grid_aliasing.py;phonon/studies/_run_cnt33_L4_nugrid.py,phonon/docs/run_audit_2026-08.md,keep-referenced,no-solver-log
cnt33_gband_length/L10_g1,cnt33,,2026-07-21,10,,,1,name,361,,window,,0.0,,,,,,1,,incomplete,16,353700.0,0.002,0.0,phonon/scripts/figures/cnt33_observables_atlas.py;phonon/scripts/figures/gband_length_scan.py;phonon/studies/_run_cnt33_length_gband.py,phonon/docs/production_beds.md;phonon/docs/run_audit_2026-08.md,keep-referenced,gband=1;cells_per_block=unknown;no-cm-subtraction
cnt33_gband_length/L10_g1t,cnt33,,2026-07-22,10,,,1,name,361,,window,,0.0,,,,,,1,,converged,128,0.00099697,0.002,0.0,phonon/scripts/figures/cnt33_observables_atlas.py;phonon/scripts/figures/gband_length_scan.py;phonon/studies/_run_cnt33_length_gband.py,phonon/docs/production_beds.md;phonon/docs/run_audit_2026-08.md,keep-referenced,gband=1;cells_per_block=unknown;no-cm-subtraction
cnt33_gband_length/L10_g2,cnt33,,2026-07-21,10,,,2,name,361,,window,,0.0,,,,,2.1,1,,incomplete,109,2138.0,0.002,0.0,phonon/scripts/figures/cnt33_observables_atlas.py;phonon/scripts/figures/gband_length_scan.py;phonon/studies/_run_cnt33_length_gband.py,phonon/docs/production_beds.md;phonon/docs/run_audit_2026-08.md,keep-referenced,gband=2;cells_per_block=unknown;extent-truncated=2.1%;no-cm-subtraction
cnt33_gband_length/L10_g3,cnt33,,2026-07-24,10,,,3,name,361,,window,,0.0,,,,,3.1,1,,incomplete,599,0.00022843,0.0021,0.0,phonon/scripts/figures/cnt33_observables_atlas.py;phonon/scripts/figures/gband_length_scan.py;phonon/studies/_run_cnt33_length_gband.py,phonon/docs/production_beds.md;phonon/docs/run_audit_2026-08.md,keep-referenced,cells_per_block=unknown;extent-truncated=3.1%;no-cm-subtraction
cnt33_gband_length/L8_g1,cnt33,,2026-07-21,8,,,1,name,361,,window,,0.0,,,,,,1,,incomplete,35,3205000.0,0.0016,0.0,phonon/scripts/figures/cnt33_observables_atlas.py;phonon/scripts/figures/gband_length_scan.py;phonon/studies/_run_cnt33_length_gband.py,phonon/docs/production_beds.md;phonon/docs/run_audit_2026-08.md,keep-referenced,gband=1;cells_per_block=unknown;no-cm-subtraction
cnt33_gband_length/L8_g1t,cnt33,,2026-07-22,8,,,1,name,361,,window,,0.0,,,,,,1,,converged,107,0.00096859,0.0016,0.0,phonon/scripts/figures/cnt33_observables_atlas.py;phonon/scripts/figures/gband_length_scan.py;phonon/studies/_run_cnt33_length_gband.py,phonon/docs/production_beds.md;phonon/docs/run_audit_2026-08.md,keep-referenced,gband=1;cells_per_block=unknown;no-cm-subtraction
cnt33_gband_length/L8_g2,cnt33,,2026-07-21,8,,,2,name,361,,window,,0.0,,,,,2.1,1,,incomplete,102,3774.0,0.0016,0.0,phonon/scripts/figures/cnt33_observables_atlas.py;phonon/scripts/figures/gband_length_scan.py;phonon/studies/_run_cnt33_length_gband.py,phonon/docs/production_beds.md;phonon/docs/run_audit_2026-08.md,keep-referenced,gband=2;cells_per_block=unknown;extent-truncated=2.1%;no-cm-subtraction
cnt33_gband_length/L8_g3,cnt33,,2026-07-22,8,,,3,name,361,,window,,0.0,,,,,3.1,1,,converged,362,0.00098738,0.0016,0.0,phonon/scripts/figures/cnt33_observables_atlas.py;phonon/scripts/figures/gband_length_scan.py;phonon/studies/_run_cnt33_length_gband.py,phonon/docs/production_beds.md;phonon/docs/run_audit_2026-08.md,keep-referenced,cells_per_block=unknown;extent-truncated=3.1%;no-cm-subtraction
cnt33_long_gband3/L16_g1t,cnt33,,2026-07-25,16,,,1,name,361,,window,,0.0,,,,,,1,,converged,115,0.00099163,0.0016,0.0,phonon/scripts/figures/cnt33_observables_atlas.py;phonon/studies/_run_cnt33_long_gband3.py,phonon/docs/cnt_campaign_2026-08.md;phonon/docs/run_audit_2026-08.md,keep-referenced,gband=1;cells_per_block=unknown;no-cm-subtraction
cnt33_long_gband3/L16_g3,cnt33,,2026-07-25,16,,,3,name,361,,window,,0.0,,,,,3.1,1,,incomplete,599,0.0012467,0.0017,0.0,phonon/scripts/figures/cnt33_observables_atlas.py;phonon/studies/_run_cnt33_long_gband3.py,phonon/docs/cnt_campaign_2026-08.md;phonon/docs/run_audit_2026-08.md,keep-referenced,cells_per_block=unknown;extent-truncated=3.1%;no-cm-subtraction
cnt33_long_gband3/L24_g1t,cnt33,,2026-07-30,24,,,1,name,361,,window,,0.0,,,,,,1,,converged,117,0.0009851,0.0024,0.0,phonon/scripts/figures/cnt33_observables_atlas.py;phonon/studies/_run_cnt33_long_gband3.py,phonon/docs/cnt_campaign_2026-08.md;phonon/docs/run_audit_2026-08.md,keep-referenced,gband=1;cells_per_block=unknown;no-cm-subtraction
cnt33_long_gband3/L24_g3,cnt33,,2026-07-29,24,,,3,name,361,,window,,0.0,,,,,3.1,1,,incomplete,599,0.0057144,0.0025,0.0,phonon/scripts/figures/cnt33_observables_atlas.py;phonon/studies/_run_cnt33_long_gband3.py,phonon/docs/cnt_campaign_2026-08.md;phonon/docs/run_audit_2026-08.md,keep-referenced,cells_per_block=unknown;extent-truncated=3.1%;no-cm-subtraction
cnt33_long_gband3/L32_g1t,cnt33,,2026-07-30,32,,,1,name,361,,window,,0.0,,,,,,1,,converged,120,0.00098011,0.0032,0.0,phonon/scripts/figures/cnt33_observables_atlas.py;phonon/studies/_run_cnt33_long_gband3.py,phonon/docs/cnt_campaign_2026-08.md;phonon/docs/run_audit_2026-08.md,keep-referenced,gband=1;cells_per_block=unknown;no-cm-subtraction
cnt33_long_gband3/bench_bcs1_np128_core,cnt33,,2026-07-23,16,,,1,date,361,,window,,0.0,,,,,3.1,1,,incomplete,3,48.76,0.0032,0.0,phonon/scripts/figures/cnt33_observables_atlas.py;phonon/studies/_run_cnt33_long_gband3.py,phonon/docs/cnt_campaign_2026-08.md;phonon/docs/run_audit_2026-08.md,keep-referenced,gband=1;cells_per_block=unknown;extent-truncated=3.1%;no-cm-subtraction
cnt33_long_gband3/bench_bcs1_np64_core,cnt33,,2026-07-23,16,,,1,date,361,,window,,0.0,,,,,3.1,1,,incomplete,3,48.76,0.0032,0.0,phonon/scripts/figures/cnt33_observables_atlas.py;phonon/studies/_run_cnt33_long_gband3.py,phonon/docs/cnt_campaign_2026-08.md;phonon/docs/run_audit_2026-08.md,keep-referenced,gband=1;cells_per_block=unknown;extent-truncated=3.1%;no-cm-subtraction
cnt33_long_gband3/bench_bcs1_np64_numa,cnt33,,2026-07-23,16,,,1,date,361,,window,,0.0,,,,,3.1,1,,incomplete,3,48.76,0.0032,0.0,phonon/scripts/figures/cnt33_observables_atlas.py;phonon/studies/_run_cnt33_long_gband3.py,phonon/docs/cnt_campaign_2026-08.md;phonon/docs/run_audit_2026-08.md,keep-referenced,gband=1;cells_per_block=unknown;extent-truncated=3.1%;no-cm-subtraction
cnt33_long_gband3/bench_bcs2_np128_core,cnt33,,2026-07-23,16,,,1,date,361,,window,,0.0,,,,,3.1,1,,incomplete,3,48.76,0.0016,0.0,phonon/scripts/figures/cnt33_observables_atlas.py;phonon/studies/_run_cnt33_long_gband3.py,phonon/docs/cnt_campaign_2026-08.md;phonon/docs/run_audit_2026-08.md,keep-referenced,gband=1;cells_per_block=unknown;extent-truncated=3.1%;no-cm-subtraction
cnt33_long_gband3/bench_bcs2_np64_core,cnt33,,2026-07-23,16,,,1,date,361,,window,,0.0,,,,,3.1,1,,incomplete,3,48.76,0.0016,0.0,phonon/scripts/figures/cnt33_observables_atlas.py;phonon/studies/_run_cnt33_long_gband3.py,phonon/docs/cnt_campaign_2026-08.md;phonon/docs/run_audit_2026-08.md,keep-referenced,gband=1;cells_per_block=unknown;extent-truncated=3.1%;no-cm-subtraction
cnt33_long_gband3/bench_bcs4_np128_core,cnt33,,2026-07-23,16,,,1,date,361,,window,,0.0,,,,,3.1,1,,incomplete,3,48.76,0.0008,0.0,phonon/scripts/figures/cnt33_observables_atlas.py;phonon/studies/_run_cnt33_long_gband3.py,phonon/docs/cnt_campaign_2026-08.md;phonon/docs/run_audit_2026-08.md,keep-referenced,gband=1;cells_per_block=unknown;extent-truncated=3.1%;no-cm-subtraction
cnt33_long_gband3/bench_bcs4_np64_core,cnt33,,2026-07-23,16,,,1,date,361,,window,,0.0,,,,,3.1,1,,incomplete,3,48.76,0.0008,0.0,phonon/scripts/figures/cnt33_observables_atlas.py;phonon/studies/_run_cnt33_long_gband3.py,phonon/docs/cnt_campaign_2026-08.md;phonon/docs/run_audit_2026-08.md,keep-referenced,gband=1;cells_per_block=unknown;extent-truncated=3.1%;no-cm-subtraction
cnt33_long_gband3/parity_bcs1,cnt33,,2026-07-23,8,,,1,date,361,,window,,0.0,,,,,3.1,1,,incomplete,24,0.22586,0.0016,0.0,phonon/scripts/figures/cnt33_observables_atlas.py;phonon/studies/_run_cnt33_long_gband3.py,phonon/docs/cnt_campaign_2026-08.md;phonon/docs/run_audit_2026-08.md,keep-referenced,gband=1;cells_per_block=unknown;extent-truncated=3.1%;no-cm-subtraction
cnt33_long_gband3/parity_bcs2,cnt33,,2026-07-23,8,,,1,date,361,,window,,0.0,,,,,3.1,1,,incomplete,24,0.22586,0.0008,0.0,phonon/scripts/figures/cnt33_observables_atlas.py;phonon/studies/_run_cnt33_long_gband3.py,phonon/docs/cnt_campaign_2026-08.md;phonon/docs/run_audit_2026-08.md,keep-referenced,gband=1;cells_per_block=unknown;extent-truncated=3.1%;no-cm-subtraction
conv1e10,unknown,,2026-07-02,2,,,1,date,361,,,,1e-12,,,,,,15,,converged,48,0.85936,0.0112,0.0,phonon/scripts/figures/eta0_convergence.py;phonon/scripts/figures/retired/eta0_knob_ablation.py;phonon/scripts/figures/sinw_d5a_ballistic_plateau.py;phonon/scripts/figures/sinw_d5a_eta0_panel.py;phonon/studies/_conv1e10.py;phonon/studies/_eta0_diag_plots.py;phonon/studies/_gapruns.py;phonon/studies/_run_d5a_gridladder.py;phonon/studies/_run_d5a_nugrid.py,PLOTS.md;phonon/docs/run_audit_2026-08.md,keep-referenced,gband=1;cells_per_block=unknown;no-cm-subtraction
d5a_bisect/flatzero,sinw,H+Si,2026-07-10,2,,,1,date,181,66.0,,,1e-12,,10.0,,,,1,,incomplete,142,10350.0,0.001,0.0,phonon/studies/_run_d5a_bisect.py,phonon/docs/d5a_eta0_bisection.md;phonon/studies/out/d5a_bisect/flatzero/quatrex_config.toml;phonon/studies/out/d5a_bisect/gapzero/quatrex_config.toml;phonon/studies/out/d5a_bisect/ir_flat/quatrex_config.toml;phonon/studies/out/d5a_bisect/ir_gap/quatrex_config.toml;phonon/studies/out/d5a_bisect/ir_gap_flat/quatrex_config.toml;phonon/studies/out/d5a_bisect/ircut/quatrex_config.toml;phonon/studies/out/d5a_bisect/ircut_anderson/quatrex_config.toml;phonon/studies/out/d5a_bisect/ircut_rre/quatrex_config.toml,keep-referenced,gband=1;cells_per_block=unknown;no-cm-subtraction
d5a_bisect/gapzero,sinw,H+Si,2026-07-10,2,,,1,date,181,66.0,,,1e-12,,10.0,,,,1,,incomplete,61,24610.0,0.0004,0.0,phonon/studies/_run_d5a_bisect.py,phonon/docs/d5a_eta0_bisection.md;phonon/studies/out/d5a_bisect/flatzero/quatrex_config.toml;phonon/studies/out/d5a_bisect/gapzero/quatrex_config.toml;phonon/studies/out/d5a_bisect/ir_flat/quatrex_config.toml;phonon/studies/out/d5a_bisect/ir_gap/quatrex_config.toml;phonon/studies/out/d5a_bisect/ir_gap_flat/quatrex_config.toml;phonon/studies/out/d5a_bisect/ircut/quatrex_config.toml;phonon/studies/out/d5a_bisect/ircut_anderson/quatrex_config.toml;phonon/studies/out/d5a_bisect/ircut_rre/quatrex_config.toml,keep-referenced,gband=1;cells_per_block=unknown;no-cm-subtraction
d5a_bisect/ir_flat,sinw,H+Si,2026-07-10,2,,,1,date,181,66.0,,,1e-12,,10.0,,,,1,,incomplete,149,0.00017692,0.001,0.0,phonon/studies/_run_d5a_bisect.py,phonon/docs/d5a_eta0_bisection.md;phonon/studies/out/d5a_bisect/flatzero/quatrex_config.toml;phonon/studies/out/d5a_bisect/gapzero/quatrex_config.toml;phonon/studies/out/d5a_bisect/ir_flat/quatrex_config.toml;phonon/studies/out/d5a_bisect/ir_gap/quatrex_config.toml;phonon/studies/out/d5a_bisect/ir_gap_flat/quatrex_config.toml;phonon/studies/out/d5a_bisect/ircut/quatrex_config.toml;phonon/studies/out/d5a_bisect/ircut_anderson/quatrex_config.toml;phonon/studies/out/d5a_bisect/ircut_rre/quatrex_config.toml,keep-referenced,gband=1;cells_per_block=unknown;no-cm-subtraction
d5a_bisect/ir_gap,sinw,H+Si,2026-07-10,2,,,1,date,181,66.0,,,1e-12,,10.0,,,,1,,incomplete,149,0.00025657,0.001,0.0,phonon/studies/_run_d5a_bisect.py,phonon/docs/d5a_eta0_bisection.md;phonon/studies/out/d5a_bisect/flatzero/quatrex_config.toml;phonon/studies/out/d5a_bisect/gapzero/quatrex_config.toml;phonon/studies/out/d5a_bisect/ir_flat/quatrex_config.toml;phonon/studies/out/d5a_bisect/ir_gap/quatrex_config.toml;phonon/studies/out/d5a_bisect/ir_gap_flat/quatrex_config.toml;phonon/studies/out/d5a_bisect/ircut/quatrex_config.toml;phonon/studies/out/d5a_bisect/ircut_anderson/quatrex_config.toml;phonon/studies/out/d5a_bisect/ircut_rre/quatrex_config.toml,keep-referenced,gband=1;cells_per_block=unknown;no-cm-subtraction
d5a_bisect/ir_gap_flat,sinw,H+Si,2026-07-10,2,,,1,date,181,66.0,,,1e-12,,10.0,,,,1,,incomplete,149,0.00018543,0.001,0.0,phonon/studies/_run_d5a_bisect.py,phonon/docs/d5a_eta0_bisection.md;phonon/studies/out/d5a_bisect/flatzero/quatrex_config.toml;phonon/studies/out/d5a_bisect/gapzero/quatrex_config.toml;phonon/studies/out/d5a_bisect/ir_flat/quatrex_config.toml;phonon/studies/out/d5a_bisect/ir_gap/quatrex_config.toml;phonon/studies/out/d5a_bisect/ir_gap_flat/quatrex_config.toml;phonon/studies/out/d5a_bisect/ircut/quatrex_config.toml;phonon/studies/out/d5a_bisect/ircut_anderson/quatrex_config.toml;phonon/studies/out/d5a_bisect/ircut_rre/quatrex_config.toml,keep-referenced,gband=1;cells_per_block=unknown;no-cm-subtraction
d5a_bisect/ircut,sinw,H+Si,2026-07-10,2,,,1,date,181,66.0,,,1e-12,,10.0,,,,1,,incomplete,149,0.0003058,0.001,0.0,phonon/studies/_run_d5a_bisect.py,phonon/docs/d5a_eta0_bisection.md;phonon/studies/out/d5a_bisect/flatzero/quatrex_config.toml;phonon/studies/out/d5a_bisect/gapzero/quatrex_config.toml;phonon/studies/out/d5a_bisect/ir_flat/quatrex_config.toml;phonon/studies/out/d5a_bisect/ir_gap/quatrex_config.toml;phonon/studies/out/d5a_bisect/ir_gap_flat/quatrex_config.toml;phonon/studies/out/d5a_bisect/ircut/quatrex_config.toml;phonon/studies/out/d5a_bisect/ircut_anderson/quatrex_config.toml;phonon/studies/out/d5a_bisect/ircut_rre/quatrex_config.toml,keep-referenced,gband=1;cells_per_block=unknown;no-cm-subtraction
d5a_bisect/ircut_anderson,sinw,H+Si,2026-07-10,2,,,1,date,181,66.0,,,1e-12,,10.0,,,,1,,incomplete,149,0.02615,0.0,0.0,phonon/studies/_run_d5a_bisect.py,phonon/docs/d5a_eta0_bisection.md;phonon/studies/out/d5a_bisect/flatzero/quatrex_config.toml;phonon/studies/out/d5a_bisect/gapzero/quatrex_config.toml;phonon/studies/out/d5a_bisect/ir_flat/quatrex_config.toml;phonon/studies/out/d5a_bisect/ir_gap/quatrex_config.toml;phonon/studies/out/d5a_bisect/ir_gap_flat/quatrex_config.toml;phonon/studies/out/d5a_bisect/ircut/quatrex_config.toml;phonon/studies/out/d5a_bisect/ircut_anderson/quatrex_config.toml;phonon/studies/out/d5a_bisect/ircut_rre/quatrex_config.toml,keep-referenced,gband=1;cells_per_block=unknown;no-cm-subtraction
d5a_bisect/ircut_rre,sinw,H+Si,2026-07-10,2,,,1,date,181,66.0,,,1e-12,,10.0,,,,1,,incomplete,149,2.5666e-05,0.0,0.0,phonon/studies/_run_d5a_bisect.py,phonon/docs/d5a_eta0_bisection.md;phonon/studies/out/d5a_bisect/flatzero/quatrex_config.toml;phonon/studies/out/d5a_bisect/gapzero/quatrex_config.toml;phonon/studies/out/d5a_bisect/ir_flat/quatrex_config.toml;phonon/studies/out/d5a_bisect/ir_gap/quatrex_config.toml;phonon/studies/out/d5a_bisect/ir_gap_flat/quatrex_config.toml;phonon/studies/out/d5a_bisect/ircut/quatrex_config.toml;phonon/studies/out/d5a_bisect/ircut_anderson/quatrex_config.toml;phonon/studies/out/d5a_bisect/ircut_rre/quatrex_config.toml,keep-referenced,gband=1;cells_per_block=unknown;no-cm-subtraction
d5a_gridladder/nf181,sinw,H+Si,2026-07-10,2,,,1,date,181,66.0,,,1e-12,,10.0,,,,1,,incomplete,69,5278000.0,0.0005,0.0,phonon/scripts/figures/_extract_grid_aliasing.py;phonon/scripts/figures/retired/d5a_grid_ladder.py;phonon/studies/_run_d5a_bisect.py;phonon/studies/_run_d5a_gridladder.py,phonon/docs/d5a_eta0_bisection.md;phonon/docs/pole_sector_observations.md;phonon/docs/spectral_deformation_audit.md;phonon/scripts/figures/retired/README.md;phonon/studies/out/d5a_gridladder/nf181/quatrex_config.toml;phonon/studies/out/d5a_gridladder/nf181_islandfrozen/quatrex_config.toml;phonon/studies/out/d5a_gridladder/nf181_windowed/quatrex_config.toml;phonon/studies/out/d5a_gridladder/nf361/quatrex_config.toml;phonon/studies/out/d5a_gridladder/nf721/quatrex_config.toml;phonon/studies/out/newton_tchain_d5a/quatrex_config.toml,keep-referenced,gband=1;cells_per_block=unknown;no-cm-subtraction
d5a_gridladder/nf181_islandfrozen,sinw,H+Si,2026-07-10,2,,,1,date,181,66.0,,,1e-12,,10.0,,,,1,,incomplete,45,2491.0,0.0003,0.0,phonon/scripts/figures/_extract_grid_aliasing.py;phonon/scripts/figures/retired/d5a_grid_ladder.py;phonon/studies/_run_d5a_bisect.py;phonon/studies/_run_d5a_gridladder.py,phonon/docs/d5a_eta0_bisection.md;phonon/docs/pole_sector_observations.md;phonon/docs/spectral_deformation_audit.md;phonon/scripts/figures/retired/README.md;phonon/studies/out/d5a_gridladder/nf181/quatrex_config.toml;phonon/studies/out/d5a_gridladder/nf181_islandfrozen/quatrex_config.toml;phonon/studies/out/d5a_gridladder/nf181_windowed/quatrex_config.toml;phonon/studies/out/d5a_gridladder/nf361/quatrex_config.toml;phonon/studies/out/d5a_gridladder/nf721/quatrex_config.toml;phonon/studies/out/newton_tchain_d5a/quatrex_config.toml,keep-referenced,gband=1;cells_per_block=unknown;no-cm-subtraction
d5a_gridladder/nf181_windowed,sinw,H+Si,2026-07-10,2,,,1,date,181,66.0,,,1e-12,,10.0,,,,1,,incomplete,39,2048.0,0.0003,0.0,phonon/scripts/figures/_extract_grid_aliasing.py;phonon/scripts/figures/retired/d5a_grid_ladder.py;phonon/studies/_run_d5a_bisect.py;phonon/studies/_run_d5a_gridladder.py,phonon/docs/d5a_eta0_bisection.md;phonon/docs/pole_sector_observations.md;phonon/docs/spectral_deformation_audit.md;phonon/scripts/figures/retired/README.md;phonon/studies/out/d5a_gridladder/nf181/quatrex_config.toml;phonon/studies/out/d5a_gridladder/nf181_islandfrozen/quatrex_config.toml;phonon/studies/out/d5a_gridladder/nf181_windowed/quatrex_config.toml;phonon/studies/out/d5a_gridladder/nf361/quatrex_config.toml;phonon/studies/out/d5a_gridladder/nf721/quatrex_config.toml;phonon/studies/out/newton_tchain_d5a/quatrex_config.toml,keep-referenced,gband=1;cells_per_block=unknown;no-cm-subtraction
d5a_gridladder/nf361,sinw,H+Si,2026-07-10,2,,,1,date,361,66.0,,,1e-12,,10.0,,,,1,,incomplete,46,265.72,0.0,0.0,phonon/scripts/figures/_extract_grid_aliasing.py;phonon/scripts/figures/retired/d5a_grid_ladder.py;phonon/studies/_run_d5a_bisect.py;phonon/studies/_run_d5a_gridladder.py,phonon/docs/d5a_eta0_bisection.md;phonon/docs/pole_sector_observations.md;phonon/docs/spectral_deformation_audit.md;phonon/scripts/figures/retired/README.md;phonon/studies/out/d5a_gridladder/nf181/quatrex_config.toml;phonon/studies/out/d5a_gridladder/nf181_islandfrozen/quatrex_config.toml;phonon/studies/out/d5a_gridladder/nf181_windowed/quatrex_config.toml;phonon/studies/out/d5a_gridladder/nf361/quatrex_config.toml;phonon/studies/out/d5a_gridladder/nf721/quatrex_config.toml;phonon/studies/out/newton_tchain_d5a/quatrex_config.toml,keep-referenced,gband=1;cells_per_block=unknown;no-cm-subtraction
d5a_gridladder/nf721,sinw,H+Si,2026-07-10,2,,,1,date,721,66.0,,,1e-12,,10.0,,,,1,,incomplete,89,45000000.0,0.0025,0.0,phonon/scripts/figures/_extract_grid_aliasing.py;phonon/scripts/figures/retired/d5a_grid_ladder.py;phonon/studies/_run_d5a_bisect.py;phonon/studies/_run_d5a_gridladder.py,phonon/docs/d5a_eta0_bisection.md;phonon/docs/pole_sector_observations.md;phonon/docs/spectral_deformation_audit.md;phonon/scripts/figures/retired/README.md;phonon/studies/out/d5a_gridladder/nf181/quatrex_config.toml;phonon/studies/out/d5a_gridladder/nf181_islandfrozen/quatrex_config.toml;phonon/studies/out/d5a_gridladder/nf181_windowed/quatrex_config.toml;phonon/studies/out/d5a_gridladder/nf361/quatrex_config.toml;phonon/studies/out/d5a_gridladder/nf721/quatrex_config.toml;phonon/studies/out/newton_tchain_d5a/quatrex_config.toml,keep-referenced,gband=1;cells_per_block=unknown;no-cm-subtraction
fig/cnt33_atlas,unknown,,2026-08-27,,,,,unknown,,,,,,,,,,,,,no-log,,,0.0013,0.0,phonon/examples/plot_sinw_3d.py;phonon/examples/plot_sinw_configs.py;phonon/finite_analysis/cross_system_plots.py;phonon/finite_analysis/plot_style.py;phonon/scripts/figures/ballistic_wires.py;phonon/scripts/figures/build_campaign_page.py;phonon/scripts/figures/cnt33_cutoff.py;phonon/scripts/figures/cnt33_finite_eta_bias.py;phonon/scripts/figures/cnt33_gq_length.py;phonon/scripts/figures/cnt33_observables_atlas.py;phonon/scripts/figures/cnt_blocking_kk.py;phonon/scripts/figures/conservation_figs.py;phonon/scripts/figures/cutoff_sse.py;phonon/scripts/figures/d11a_decomposition.py;phonon/scripts/figures/decomposed_sse_compression.py;phonon/scripts/figures/decomposed_sse_conservation.py;phonon/scripts/figures/decomposed_sse_convergence.py;phonon/scripts/figures/decomposed_sse_cost.py;phonon/scripts/figures/decomposed_sse_error.py;phonon/scripts/figures/decomposed_sse_harmonic.py;phonon/scripts/figures/decomposed_sse_observables.py;phonon/scripts/figures/energy_grid_aliasing.py;phonon/scripts/figures/eta0_convergence.py;phonon/scripts/figures/eta0_physics.py;phonon/scripts/figures/factor_audit.py;phonon/scripts/figures/fc_method_dispersion_si.py;phonon/scripts/figures/gband_campaign_figs.py;phonon/scripts/figures/gband_length_grid.py;phonon/scripts/figures/gpu_campaign_figs.py;phonon/scripts/figures/local_vs_mw_current.py;phonon/scripts/figures/make_all.py;phonon/scripts/figures/mos2_fit_audit.py;phonon/scripts/figures/mos2_kappa_sood.py;phonon/scripts/figures/mos2_spiral.py;phonon/scripts/figures/pc_bench_figs.py;phonon/scripts/figures/phph_NU_gruneisen_si.py;phonon/scripts/figures/phph_physics_si.py;phonon/scripts/figures/phph_scaling_figs.py;phonon/scripts/figures/prod_qfilm.py;phonon/scripts/figures/resonance_gain.py;phonon/scripts/figures/retired/d5a_grid_ladder.py;phonon/scripts/figures/retired/eta0_knob_ablation.py;phonon/scripts/figures/si_discretization_convergence.py;phonon/scripts/figures/si_film_conductance.py;phonon/scripts/figures/si_film_vs_guo.py;phonon/scripts/figures/sinw_d5a_ballistic_plateau.py;phonon/scripts/figures/sinw_d5a_eta0_panel.py;phonon/scripts/figures/solver_scaling.py;phonon/scripts/figures/srtio3_eta0_transport.py;phonon/scripts/figures/srtio3_rattle_renorm.py;phonon/scripts/figures/static_se_figs.py;phonon/scripts/figures/systems_panel.py;phonon/scripts/figures/transmission_physicality.py;phonon/scripts/verify/static_se_analysis.py;phonon/studies/_campaign_figures.py;phonon/studies/_eta0_diag_plots.py;phonon/studies/_toy_grid_figs.py;phonon/studies/style.py;phonon/studies/summarize.py;phonon/studies/transport.py;slides/make_slide_assets.py;slides/plot_anh_selfenergy.py;slides/plot_cnt_prod.py;slides/plot_cnt_structure.py;slides/plot_d5a_variants_prod.py;slides/plot_linewidth_vs_phono3py.py;slides/plot_si_film_prod.py;slides/plot_spectral_transmission.py;slides/plot_srtio3_transport.py;slides/plot_static_se_replot.py,PLOTS.md;phonon/docs/conserving_vertex_findings.md;phonon/docs/lab_notebook_archive.md;phonon/finite_analysis/RESULTS_RUNBOOK.md;phonon/finite_analysis/RUNBOOK.md;slides/status_slides.tex,keep-referenced,no-solver-log
grid_audit,unknown,,2026-08-08,,,,,unknown,,,,,,,,,,,,,no-log,,,0.0,0.0,phonon/studies/_grid_regimes.py;phonon/studies/_grid_sideband.py;phonon/studies/_grid_stability_law.py;phonon/studies/_lead_balance_gain.py,phonon/docs/grid_audit.md;phonon/docs/mos2_conservation_audit.md,keep-referenced,no-solver-log
ir_residue,unknown,,2026-08-05,,,,,unknown,,,,,,,,,,,,,no-log,,,0.062,0.0,phonon/studies/_ir_conserve_gate.py;phonon/studies/_ir_exponents.py;phonon/studies/_ir_killtest.py;phonon/studies/_ir_v34_gates.py,phonon/docs/ir_residue_derivation.md,keep-referenced,no-solver-log
local_mw/L2_bare_nf361,cnt33,C,2026-07-10,2,,,1,date,361,55.0,,,1e-12,,10.0,,,,1,,converged,149,0.00097393,0.0004,0.0,phonon/scripts/figures/local_vs_mw_current.py;phonon/scripts/verify/local_vs_mw_current.py,PLOTS.md;phonon/docs/d5a_eta0_bisection.md;phonon/docs/run_audit_2026-08.md;phonon/docs/spectral_deformation_audit.md;phonon/studies/out/local_mw/L2_bare_nf361/quatrex_config.toml;phonon/studies/out/local_mw/L2_bare_nf541/quatrex_config.toml;phonon/studies/out/local_mw/L2_eta0_tight/quatrex_config.toml;phonon/studies/out/local_mw/L2_plain_fft/quatrex_config.toml;phonon/studies/out/local_mw/L2_taper_only/quatrex_config.toml;phonon/studies/out/local_mw/L3_eta0/quatrex_config.toml;phonon/studies/out/local_mw/L3_eta07/quatrex_config.toml,keep-referenced,gband=1;cells_per_block=unknown;no-cm-subtraction
local_mw/L2_bare_nf541,cnt33,C,2026-07-10,2,,,1,date,541,55.0,,,1e-12,,10.0,,,,1,,converged,110,0.00087587,0.0005,0.0,phonon/scripts/figures/local_vs_mw_current.py;phonon/scripts/verify/local_vs_mw_current.py,PLOTS.md;phonon/docs/d5a_eta0_bisection.md;phonon/docs/run_audit_2026-08.md;phonon/docs/spectral_deformation_audit.md;phonon/studies/out/local_mw/L2_bare_nf361/quatrex_config.toml;phonon/studies/out/local_mw/L2_bare_nf541/quatrex_config.toml;phonon/studies/out/local_mw/L2_eta0_tight/quatrex_config.toml;phonon/studies/out/local_mw/L2_plain_fft/quatrex_config.toml;phonon/studies/out/local_mw/L2_taper_only/quatrex_config.toml;phonon/studies/out/local_mw/L3_eta0/quatrex_config.toml;phonon/studies/out/local_mw/L3_eta07/quatrex_config.toml,keep-referenced,gband=1;cells_per_block=unknown;no-cm-subtraction
local_mw/L2_eta0_tight,cnt33,C,2026-07-06,2,,,1,date,181,55.0,,,1e-12,,10.0,,,,1,,converged,56,7.9545e-11,0.0001,0.0,phonon/scripts/figures/local_vs_mw_current.py;phonon/scripts/verify/local_vs_mw_current.py,PLOTS.md;phonon/docs/d5a_eta0_bisection.md;phonon/docs/run_audit_2026-08.md;phonon/docs/spectral_deformation_audit.md;phonon/studies/out/local_mw/L2_bare_nf361/quatrex_config.toml;phonon/studies/out/local_mw/L2_bare_nf541/quatrex_config.toml;phonon/studies/out/local_mw/L2_eta0_tight/quatrex_config.toml;phonon/studies/out/local_mw/L2_plain_fft/quatrex_config.toml;phonon/studies/out/local_mw/L2_taper_only/quatrex_config.toml;phonon/studies/out/local_mw/L3_eta0/quatrex_config.toml;phonon/studies/out/local_mw/L3_eta07/quatrex_config.toml,keep-referenced,gband=1;cells_per_block=unknown;no-cm-subtraction
local_mw/L2_plain_fft,cnt33,C,2026-07-06,2,,,1,date,181,55.0,,,1e-12,,10.0,,,,1,,converged,219,0.00098845,0.0003,0.0,phonon/scripts/figures/local_vs_mw_current.py;phonon/scripts/verify/local_vs_mw_current.py,PLOTS.md;phonon/docs/d5a_eta0_bisection.md;phonon/docs/run_audit_2026-08.md;phonon/docs/spectral_deformation_audit.md;phonon/studies/out/local_mw/L2_bare_nf361/quatrex_config.toml;phonon/studies/out/local_mw/L2_bare_nf541/quatrex_config.toml;phonon/studies/out/local_mw/L2_eta0_tight/quatrex_config.toml;phonon/studies/out/local_mw/L2_plain_fft/quatrex_config.toml;phonon/studies/out/local_mw/L2_taper_only/quatrex_config.toml;phonon/studies/out/local_mw/L3_eta0/quatrex_config.toml;phonon/studies/out/local_mw/L3_eta07/quatrex_config.toml,keep-referenced,gband=1;cells_per_block=unknown;no-cm-subtraction
local_mw/L2_taper_only,cnt33,C,2026-07-06,2,,,1,date,181,55.0,,,1e-12,,10.0,,,,1,,converged,48,8.7894e-11,0.0001,0.0,phonon/scripts/figures/local_vs_mw_current.py;phonon/scripts/verify/local_vs_mw_current.py,PLOTS.md;phonon/docs/d5a_eta0_bisection.md;phonon/docs/run_audit_2026-08.md;phonon/docs/spectral_deformation_audit.md;phonon/studies/out/local_mw/L2_bare_nf361/quatrex_config.toml;phonon/studies/out/local_mw/L2_bare_nf541/quatrex_config.toml;phonon/studies/out/local_mw/L2_eta0_tight/quatrex_config.toml;phonon/studies/out/local_mw/L2_plain_fft/quatrex_config.toml;phonon/studies/out/local_mw/L2_taper_only/quatrex_config.toml;phonon/studies/out/local_mw/L3_eta0/quatrex_config.toml;phonon/studies/out/local_mw/L3_eta07/quatrex_config.toml,keep-referenced,gband=1;cells_per_block=unknown;no-cm-subtraction
local_mw/L3_eta0,cnt33,C,2026-07-06,3,,,1,date,181,55.0,,,1e-12,,10.0,,,,1,,converged,295,0.00099407,0.0004,0.0,phonon/scripts/figures/local_vs_mw_current.py;phonon/scripts/verify/local_vs_mw_current.py,PLOTS.md;phonon/docs/d5a_eta0_bisection.md;phonon/docs/run_audit_2026-08.md;phonon/docs/spectral_deformation_audit.md;phonon/studies/out/local_mw/L2_bare_nf361/quatrex_config.toml;phonon/studies/out/local_mw/L2_bare_nf541/quatrex_config.toml;phonon/studies/out/local_mw/L2_eta0_tight/quatrex_config.toml;phonon/studies/out/local_mw/L2_plain_fft/quatrex_config.toml;phonon/studies/out/local_mw/L2_taper_only/quatrex_config.toml;phonon/studies/out/local_mw/L3_eta0/quatrex_config.toml;phonon/studies/out/local_mw/L3_eta07/quatrex_config.toml,keep-referenced,gband=1;cells_per_block=unknown;no-cm-subtraction
local_mw/L3_eta07,cnt33,C,2026-07-06,3,,,1,date,181,55.0,,,0.7,,10.0,,,,1,,converged,68,0.00092923,0.0001,0.0,phonon/scripts/figures/local_vs_mw_current.py;phonon/scripts/verify/local_vs_mw_current.py,PLOTS.md;phonon/docs/d5a_eta0_bisection.md;phonon/docs/run_audit_2026-08.md;phonon/docs/spectral_deformation_audit.md;phonon/studies/out/local_mw/L2_bare_nf361/quatrex_config.toml;phonon/studies/out/local_mw/L2_bare_nf541/quatrex_config.toml;phonon/studies/out/local_mw/L2_eta0_tight/quatrex_config.toml;phonon/studies/out/local_mw/L2_plain_fft/quatrex_config.toml;phonon/studies/out/local_mw/L2_taper_only/quatrex_config.toml;phonon/studies/out/local_mw/L3_eta0/quatrex_config.toml;phonon/studies/out/local_mw/L3_eta07/quatrex_config.toml,keep-referenced,finite-eta=0.7;gband=1;cells_per_block=unknown;no-cm-subtraction
mos2_conservation,mos2_film,,2026-08-07,,,,,unknown,,,,,,,,,,,,,no-log,,,0.0,0.0,phonon/studies/_mos2_dispersion_audit.py,phonon/docs/mos2_conservation_audit.md,keep-referenced,no-solver-log
newton_pc_bench,cnt33,,2026-08-16,,,,,unknown,,,,,,,,,,,,,no-log,,,0.0001,0.0,phonon/scripts/figures/build_campaign_page.py;phonon/studies/_pc_bench.sh,,keep-referenced,no-solver-log
newton_tchain_d5a,cnt33,H+Si,2026-07-16,2,,,,unknown,361,66.0,,,1e-12,,10.0,,,,,,no-log,,,0.0,0.0,phonon/studies/_tchain_d5a.sh,phonon/studies/out/newton_tchain_d5a/quatrex_config.toml,keep-referenced,no-solver-log
positivity,unknown,,2026-08-09,,,,,unknown,,,,,,,,,,,,,no-log,,,0.0,0.0,phonon/scripts/figures/gband_campaign_figs.py;phonon/studies/_bubble_positivity.py;phonon/studies/_psd_trace_report.py;phonon/studies/conservation.py,phonon/docs/bubble_positivity.md;phonon/docs/mixed_representation_strategy.md;phonon/docs/observations_2026-08-15.md;phonon/docs/pole_scba_routes.md;phonon/docs/pole_sector_state_and_next_steps.md;phonon/docs/report_removed.md;phonon/docs/untested_paths.md,keep-referenced,no-solver-log
resonance_gain,unknown,,2026-08-03,,,,3,date,,,,,,,,,,,,,no-solver-log,,,0.0464,0.0,phonon/scripts/figures/resonance_gain.py;phonon/studies/_resonance_gain_study.py,,keep-referenced,no-solver-log
si_divergence,unknown,,2026-08-10,,,,,unknown,,,,,,,,,,,,,no-log,,,0.0,0.0,phonon/studies/_si_divergence.py,phonon/docs/grid_audit.md,keep-referenced,no-solver-log
spatial_bed,unknown,,2026-08-27,,,,,unknown,,,,,,,,,,,,,no-log,,,0.0111,0.0,phonon/studies/_conserving_spatial_tail_review.py;phonon/studies/_spatial_bed.py;phonon/studies/_spatial_hierarchy_review.py;phonon/studies/_spatial_tail_rank.py;phonon/studies/_spatial_tail_tails.py,,keep-referenced,no-solver-log
spatial_tail,unknown,,2026-08-27,,,,,unknown,,,,,,,,,,,,,no-log,,,0.0,0.0,phonon/studies/_spatial_tail_rank.py;phonon/studies/_spatial_tail_tails.py,,keep-referenced,no-solver-log
toy_grid/fig,unknown,,2026-07-13,,,,,unknown,,,,,,,,,,,,,no-log,,,0.0005,0.0,phonon/scripts/figures/make_all.py;phonon/studies/_toy_grid_e6.py;phonon/studies/_toy_grid_e7.py;phonon/studies/_toy_grid_figs.py;phonon/studies/_toy_grid_ref.py;phonon/studies/_toy_grid_study.py,phonon/docs/grid_audit.md,keep-referenced,no-solver-log
units_parity/cnt33_L4,cnt33,C,2026-07-29,4,12,1,1,date,361,55.0,window,0.0,0.0,0.0,10.0,,,,1,yes,ballistic,2,0.0,0.0162,0.0,phonon/scripts/figures/cnt33_observables_atlas.py;phonon/studies/_units_parity.py,phonon/docs/cnt_campaign_2026-08.md;phonon/studies/out/units_parity/cnt33_L4/quatrex_config.toml,keep-referenced,gband=1;cells_per_block=1;no-cm-subtraction
